{
	"credit": "By Maximka",
	"textures": {
		"0": "item/cooked_beef",
		"1": "block/oak_planks",
		"particle": "item/cooked_beef"
	},
	"elements": [
		{
			"from": [3, 2, 7.5],
			"to": [18, 2.5, 8],
			"rotation": {"angle": 0, "axis": "y", "origin": [10.5, 2.5, 8]},
			"faces": {
				"north": {"uv": [0, 0, 16, 16], "texture": "#1"},
				"east": {"uv": [0, 0, 16, 16], "texture": "#1"},
				"south": {"uv": [0, 0, 16, 16], "texture": "#1"},
				"west": {"uv": [0, 0, 16, 16], "texture": "#1"},
				"up": {"uv": [0, 0, 16, 16], "texture": "#1"},
				"down": {"uv": [0, 0, 16, 16], "texture": "#1"}
			}
		},
		{
			"from": [1.5, 1.5, 7],
			"to": [3, 3, 8.5],
			"rotation": {"angle": 0, "axis": "y", "origin": [2, 1.5, 7.25]},
			"faces": {
				"north": {"uv": [0, 0, 16, 16], "texture": "#1"},
				"east": {"uv": [0, 0, 16, 16], "texture": "#1"},
				"south": {"uv": [0, 0, 16, 16], "texture": "#1"},
				"west": {"uv": [0, 0, 16, 16], "texture": "#1"},
				"up": {"uv": [0, 0, 16, 16], "texture": "#1"},
				"down": {"uv": [0, 0, 16, 16], "texture": "#1"}
			}
		},
		{
			"name": "meat",
			"from": [5.5, 1.25, 6.75],
			"to": [7.25, 3.25, 8.75],
			"rotation": {"angle": 0, "axis": "y", "origin": [6, 1.5, 7.25]},
			"faces": {
				"north": {"uv": [8, 4, 14, 10], "texture": "#0"},
				"east": {"uv": [8, 4, 14, 10], "texture": "#0"},
				"south": {"uv": [8, 4, 14, 10], "texture": "#0"},
				"west": {"uv": [8, 4, 14, 10], "texture": "#0"},
				"up": {"uv": [8, 4, 14, 10], "texture": "#0"},
				"down": {"uv": [8, 4, 14, 10], "texture": "#0"}
			}
		},
		{
			"name": "meat",
			"from": [8.5, 1.25, 6.75],
			"to": [10.25, 3.25, 8.75],
			"rotation": {"angle": 0, "axis": "y", "origin": [9, 1.5, 7.25]},
			"faces": {
				"north": {"uv": [8, 4, 14, 10], "texture": "#0"},
				"east": {"uv": [8, 4, 14, 10], "texture": "#0"},
				"south": {"uv": [8, 4, 14, 10], "texture": "#0"},
				"west": {"uv": [8, 4, 14, 10], "texture": "#0"},
				"up": {"uv": [8, 4, 14, 10], "texture": "#0"},
				"down": {"uv": [8, 4, 14, 10], "texture": "#0"}
			}
		},
		{
			"name": "meat",
			"from": [11.5, 1.25, 6.75],
			"to": [13.25, 3.25, 8.75],
			"rotation": {"angle": 0, "axis": "y", "origin": [12, 1.5, 7.25]},
			"faces": {
				"north": {"uv": [8, 4, 14, 10], "texture": "#0"},
				"east": {"uv": [8, 4, 14, 10], "texture": "#0"},
				"south": {"uv": [8, 4, 14, 10], "texture": "#0"},
				"west": {"uv": [8, 4, 14, 10], "texture": "#0"},
				"up": {"uv": [8, 4, 14, 10], "texture": "#0"},
				"down": {"uv": [8, 4, 14, 10], "texture": "#0"}
			}
		},
		{
			"name": "meat",
			"from": [14.5, 1.25, 6.75],
			"to": [16.25, 3.25, 8.75],
			"rotation": {"angle": 0, "axis": "y", "origin": [15, 1.5, 7.25]},
			"faces": {
				"north": {"uv": [8, 4, 14, 10], "texture": "#0"},
				"east": {"uv": [8, 4, 14, 10], "texture": "#0"},
				"south": {"uv": [8, 4, 14, 10], "texture": "#0"},
				"west": {"uv": [8, 4, 14, 10], "texture": "#0"},
				"up": {"uv": [8, 4, 14, 10], "texture": "#0"},
				"down": {"uv": [8, 4, 14, 10], "texture": "#0"}
			}
		},
		{
			"name": "meat",
			"from": [17.5, 2.1, 7.6],
			"to": [18.5, 2.35, 7.85],
			"rotation": {"angle": 0, "axis": "y", "origin": [17.5, 2.1, 7.6]},
			"faces": {
				"north": {"uv": [0, 0, 16, 16], "texture": "#1"},
				"east": {"uv": [0, 0, 16, 16], "texture": "#1"},
				"south": {"uv": [0, 0, 16, 16], "texture": "#1"},
				"west": {"uv": [0, 0, 16, 16], "texture": "#1"},
				"up": {"uv": [0, 0, 16, 16], "texture": "#1"},
				"down": {"uv": [0, 0, 16, 16], "texture": "#1"}
			}
		}
	],
	"display": {
		"thirdperson_righthand": {
			"rotation": [0, 0, 93],
			"translation": [-5.75, 3.75, 1.5]
		},
		"thirdperson_lefthand": {
			"rotation": [0, 0, 93],
			"translation": [-5.75, 3.75, 1.5]
		},
		"firstperson_righthand": {
			"rotation": [0, 0, 168.25],
			"translation": [-4, -1.25, 0.75]
		},
		"firstperson_lefthand": {
			"rotation": [0, 0, -12],
			"translation": [-1, 8.25, 0.75]
		},
		"ground": {
			"translation": [0, 3.5, 0]
		},
		"gui": {
			"rotation": [0, 0, 46.5],
			"translation": [-5.75, 2, 0],
			"scale": [1.15, 1, 1]
		},
		"head": {
			"translation": [-2.5, 5, 0],
			"scale": [1.47461, 1, 1]
		},
		"fixed": {
			"rotation": [0, 0, 43.5],
			"translation": [-6.5, 1.5, 0],
			"scale": [1.37, 1, 1]
		}
	}
}