{
	"credit": "Made with Blockbench",
	"textures": {
		"1": "item/carrot_on_a_stick"
	},
	"elements": [
		{
			"from": [7.51005, 3.5625, 7.75],
			"to": [8.50005, 12.25, 8.25],
			"rotation": {"angle": 0, "axis": "y", "origin": [0.01005, 0, 0]},
			"faces": {
				"north": {"uv": [0, 0, 1, 8.75], "texture": "#1"},
				"east": {"uv": [2, 2, 2.5, 10.75], "texture": "#1"},
				"south": {"uv": [1, 1, 2, 9.75], "texture": "#1"},
				"west": {"uv": [3, 3, 3.5, 11.75], "texture": "#1"},
				"up": {"uv": [5, 8.5, 4, 8], "texture": "#1"},
				"down": {"uv": [6, 8, 5, 8.5], "texture": "#1"}
			}
		},
		{
			"from": [7.76396, 12.18734, 7.7501],
			"to": [8.46376, 12.56214, 8.2499],
			"rotation": {"angle": 45, "axis": "z", "origin": [8.01386, 12.09974, 8]},
			"faces": {
				"north": {"uv": [8, 6, 8.75, 6.5], "texture": "#1"},
				"east": {"uv": [9, 0, 9.5, 0.5], "texture": "#1"},
				"south": {"uv": [8, 7, 8.75, 7.5], "texture": "#1"},
				"west": {"uv": [9, 4, 9.5, 4.5], "texture": "#1"},
				"up": {"uv": [0.75, 9.5, 0, 9], "texture": "#1"},
				"down": {"uv": [4.75, 9, 4, 9.5], "texture": "#1"}
			}
		},
		{
			"from": [7.99892, 12.04256, 7.7502],
			"to": [8.37352, 12.74216, 8.2498],
			"rotation": {"angle": 45, "axis": "z", "origin": [8.18622, 12.29861, 8]},
			"faces": {
				"north": {"uv": [5, 9, 5.5, 9.75], "texture": "#1"},
				"east": {"uv": [6, 9, 6.5, 9.75], "texture": "#1"},
				"south": {"uv": [8, 9, 8.5, 9.75], "texture": "#1"},
				"west": {"uv": [9, 9, 9.5, 9.75], "texture": "#1"},
				"up": {"uv": [9.5, 6.5, 9, 6], "texture": "#1"},
				"down": {"uv": [9.5, 7, 9, 7.5], "texture": "#1"}
			}
		},
		{
			"from": [7.5, 0, 7.75],
			"to": [8.5, 2.625, 8.25],
			"faces": {
				"north": {"uv": [4, 5, 5, 7.75], "texture": "#1"},
				"east": {"uv": [6, 6, 6.5, 8.75], "texture": "#1"},
				"south": {"uv": [5, 5, 6, 7.75], "texture": "#1"},
				"west": {"uv": [7, 7, 7.5, 9.75], "texture": "#1"},
				"up": {"uv": [9, 8.5, 8, 8], "texture": "#1"},
				"down": {"uv": [9, 0, 8, 0.5], "texture": "#1"}
			}
		},
		{
			"from": [5.875, 2.625, 7.6875],
			"to": [10.125, 3.5625, 8.3125],
			"rotation": {"angle": 0, "axis": "y", "origin": [8, 6.125, 8]},
			"faces": {
				"north": {"uv": [1, 0, 5.25, 1], "texture": "#1"},
				"east": {"uv": [7, 1, 7.75, 2], "texture": "#1"},
				"south": {"uv": [2, 1, 6.25, 2], "texture": "#1"},
				"west": {"uv": [7, 6, 7.75, 7], "texture": "#1"},
				"up": {"uv": [7.25, 2.75, 3, 2], "texture": "#1"},
				"down": {"uv": [8.25, 4, 4, 4.75], "texture": "#1"}
			}
		},
		{
			"from": [7.125, 2.975, 7.6625],
			"to": [8.875, 3.1625, 8.3375],
			"rotation": {"angle": 45, "axis": "z", "origin": [8, 3.09375, 8]},
			"faces": {
				"north": {"uv": [8, 1, 9.75, 1.25], "texture": "#1"},
				"east": {"uv": [9, 8, 9.75, 8.25], "texture": "#1"},
				"south": {"uv": [8, 2, 9.75, 2.25], "texture": "#1"},
				"west": {"uv": [0, 10, 0.75, 10.25], "texture": "#1"},
				"up": {"uv": [5.75, 3.75, 4, 3], "texture": "#1"},
				"down": {"uv": [7.75, 0, 6, 0.75], "texture": "#1"}
			}
		},
		{
			"from": [7.12499, 2.97499, 7.66249],
			"to": [8.87501, 3.16251, 8.33751],
			"rotation": {"angle": -45, "axis": "z", "origin": [8, 3.09375, 8]},
			"faces": {
				"north": {"uv": [8, 3, 9.75, 3.25], "texture": "#1"},
				"east": {"uv": [1, 10, 1.75, 10.25], "texture": "#1"},
				"south": {"uv": [8, 5, 9.75, 5.25], "texture": "#1"},
				"west": {"uv": [4, 10, 4.75, 10.25], "texture": "#1"},
				"up": {"uv": [7.75, 3.75, 6, 3], "texture": "#1"},
				"down": {"uv": [7.75, 5, 6, 5.75], "texture": "#1"}
			}
		}
	],
	"display": {
		"thirdperson_righthand": {
			"rotation": [0, 90, 0],
			"translation": [0, 11.5, 1.5],
			"scale": [2, 2, 1.7]
		},
		"thirdperson_lefthand": {
			"rotation": [0, 90, 0],
			"translation": [0, 11.5, 1.5],
			"scale": [2, 2, 1.7]
		},
		"firstperson_righthand": {
			"rotation": [7, 101, 1],
			"translation": [5.25, 7.75, -2.5],
			"scale": [2, 2, 1.7]
		},
		"firstperson_lefthand": {
			"rotation": [7, 101, 1],
			"translation": [5.25, 7.75, -2.5],
			"scale": [2, 2, 1.7]
		},
		"ground": {
			"translation": [0, 5, 0]
		},
		"gui": {
			"rotation": [0, 0, -45],
			"translation": [2, 1.75, 0],
			"scale": [1.67, 1.67, 1.2]
		},
		"head": {
			"rotation": [0, 0, 90],
			"translation": [-2.5, 2.5, 0],
			"scale": [3, 3, 3]
		},
		"fixed": {
			"rotation": [0, 0, 45],
			"translation": [-2.75, 2.5, 0],
			"scale": [2, 2, 1.7]
		}
	},
	"groups": [
		{
			"name": "group",
			"origin": [8, 3.09375, 8],
			"children": [0, 1, 2, 3, 4, 5, 6]
		}
	]
}