{
	"credit": "Made with Blockbench",
	"texture_size": [32, 32],
	"textures": {
		"1": "item/heart_of_the_sea"
	},
	"elements": [
		{
			"from": [8.125, 1.5, 7.8125],
			"to": [8.375, 6.75, 8.1875],
			"faces": {
				"north": {"uv": [8, 0, 8.125, 2.625], "texture": "#1"},
				"east": {"uv": [3.5, 0, 3.75, 2.625], "texture": "#1"},
				"south": {"uv": [8, 3, 8.125, 5.625], "texture": "#1"},
				"west": {"uv": [4, 0, 4.25, 2.625], "texture": "#1"},
				"up": {"uv": [10.125, 11.25, 10, 11], "texture": "#1"},
				"down": {"uv": [10.625, 11, 10.5, 11.25], "texture": "#1"}
			}
		},
		{
			"from": [7.625, 1.5, 7.8125],
			"to": [7.875, 6.75, 8.1875],
			"faces": {
				"north": {"uv": [2, 8.5, 2.125, 11.125], "texture": "#1"},
				"east": {"uv": [4.5, 0, 4.75, 2.625], "texture": "#1"},
				"south": {"uv": [8.5, 8.5, 8.625, 11.125], "texture": "#1"},
				"west": {"uv": [5, 0, 5.25, 2.625], "texture": "#1"},
				"up": {"uv": [11.125, 11.25, 11, 11], "texture": "#1"},
				"down": {"uv": [11.125, 0, 11, 0.25], "texture": "#1"}
			}
		},
		{
			"from": [7.8125, 1.5, 8.125],
			"to": [8.1875, 6.75, 8.375],
			"rotation": {"angle": 0, "axis": "y", "origin": [8, 4.25, 8.25]},
			"faces": {
				"north": {"uv": [5.5, 0, 5.75, 2.625], "texture": "#1"},
				"east": {"uv": [8.5, 0, 8.625, 2.625], "texture": "#1"},
				"south": {"uv": [6, 0, 6.25, 2.625], "texture": "#1"},
				"west": {"uv": [8.5, 3, 8.625, 5.625], "texture": "#1"},
				"up": {"uv": [11.25, 0.625, 11, 0.5], "texture": "#1"},
				"down": {"uv": [11.25, 1, 11, 1.125], "texture": "#1"}
			}
		},
		{
			"from": [7.8125, 1.5, 7.625],
			"to": [8.1875, 6.75, 7.8125],
			"rotation": {"angle": 0, "axis": "y", "origin": [8, 4.25, 8.25]},
			"faces": {
				"north": {"uv": [6, 3, 6.25, 5.625], "texture": "#1"},
				"east": {"uv": [2.5, 9, 2.625, 11.625], "texture": "#1"},
				"south": {"uv": [7.5, 7.5, 7.75, 10.125], "texture": "#1"},
				"west": {"uv": [9, 9, 9.125, 11.625], "texture": "#1"},
				"up": {"uv": [11.25, 1.625, 11, 1.5], "texture": "#1"},
				"down": {"uv": [11.25, 2, 11, 2.125], "texture": "#1"}
			}
		},
		{
			"from": [6.5, 6.75, 7.5],
			"to": [9.5, 7.8125, 8.5],
			"rotation": {"angle": 0, "axis": "y", "origin": [8, 7.5, 8]},
			"faces": {
				"north": {"uv": [0.5, 0, 2, 0.5], "texture": "#1"},
				"east": {"uv": [2.5, 2, 3, 2.5], "texture": "#1"},
				"south": {"uv": [1, 0.5, 2.5, 1], "texture": "#1"},
				"west": {"uv": [3, 1, 3.5, 1.5], "texture": "#1"},
				"up": {"uv": [3, 1.5, 1.5, 1], "texture": "#1"},
				"down": {"uv": [3.5, 0, 2, 0.5], "texture": "#1"}
			}
		},
		{
			"from": [6.9999, 7.9999, 7.7499],
			"to": [9.0001, 9.0001, 8.2501],
			"rotation": {"angle": 0, "axis": "y", "origin": [8, 7.5, 8]},
			"faces": {
				"north": {"uv": [2, 1.5, 3, 2], "texture": "#1"},
				"east": {"uv": [9.5, 0.5, 9.75, 1], "texture": "#1"},
				"south": {"uv": [2.5, 0.5, 3.5, 1], "texture": "#1"},
				"west": {"uv": [9.5, 1, 9.75, 1.5], "texture": "#1"},
				"up": {"uv": [6, 3.25, 5, 3], "texture": "#1"},
				"down": {"uv": [6, 4.5, 5, 4.75], "texture": "#1"}
			}
		},
		{
			"from": [6.8749, 7.8124, 7.6874],
			"to": [9.1251, 8.2501, 8.3126],
			"rotation": {"angle": 0, "axis": "y", "origin": [8, 7.5, 8]},
			"faces": {
				"north": {"uv": [4.5, 4, 5.625, 4.25], "texture": "#1"},
				"east": {"uv": [9.5, 3.5, 9.875, 3.75], "texture": "#1"},
				"south": {"uv": [7, 6.5, 8.125, 6.75], "texture": "#1"},
				"west": {"uv": [9.5, 4, 9.875, 4.25], "texture": "#1"},
				"up": {"uv": [4.625, 3.375, 3.5, 3], "texture": "#1"},
				"down": {"uv": [5.125, 3.5, 4, 3.875], "texture": "#1"}
			}
		},
		{
			"from": [5, 6, 7.5],
			"to": [6, 6.75, 8.5],
			"rotation": {"angle": 0, "axis": "y", "origin": [8, 7.5, 8]},
			"faces": {
				"north": {"uv": [8.5, 8, 9, 8.375], "texture": "#1"},
				"east": {"uv": [9, 0, 9.5, 0.375], "texture": "#1"},
				"south": {"uv": [9, 0.5, 9.5, 0.875], "texture": "#1"},
				"west": {"uv": [9, 1, 9.5, 1.375], "texture": "#1"},
				"up": {"uv": [3.5, 2, 3, 1.5], "texture": "#1"},
				"down": {"uv": [3.5, 2, 3, 2.5], "texture": "#1"}
			}
		},
		{
			"from": [5.5, 6.75, 7.5],
			"to": [6.5, 7.5, 8.5],
			"rotation": {"angle": 0, "axis": "y", "origin": [8, 7.5, 8]},
			"faces": {
				"north": {"uv": [9, 1.5, 9.5, 1.875], "texture": "#1"},
				"east": {"uv": [9, 2, 9.5, 2.375], "texture": "#1"},
				"south": {"uv": [9, 2.5, 9.5, 2.875], "texture": "#1"},
				"west": {"uv": [9, 3, 9.5, 3.375], "texture": "#1"},
				"up": {"uv": [3.5, 3, 3, 2.5], "texture": "#1"},
				"down": {"uv": [6, 3.5, 5.5, 4], "texture": "#1"}
			}
		},
		{
			"from": [9.5, 6.75, 7.5],
			"to": [10.5, 7.5, 8.5],
			"rotation": {"angle": 0, "axis": "y", "origin": [8, 7.5, 8]},
			"faces": {
				"north": {"uv": [9, 3.5, 9.5, 3.875], "texture": "#1"},
				"east": {"uv": [9, 4, 9.5, 4.375], "texture": "#1"},
				"south": {"uv": [9, 4.5, 9.5, 4.875], "texture": "#1"},
				"west": {"uv": [9, 5, 9.5, 5.375], "texture": "#1"},
				"up": {"uv": [6, 5.5, 5.5, 5], "texture": "#1"},
				"down": {"uv": [8, 6, 7.5, 6.5], "texture": "#1"}
			}
		},
		{
			"from": [10, 6, 7.5],
			"to": [11, 6.75, 8.5],
			"rotation": {"angle": 0, "axis": "y", "origin": [8, 7.5, 8]},
			"faces": {
				"north": {"uv": [9, 5.5, 9.5, 5.875], "texture": "#1"},
				"east": {"uv": [9, 6, 9.5, 6.375], "texture": "#1"},
				"south": {"uv": [9, 6.5, 9.5, 6.875], "texture": "#1"},
				"west": {"uv": [9, 7, 9.5, 7.375], "texture": "#1"},
				"up": {"uv": [8, 7.5, 7.5, 7], "texture": "#1"},
				"down": {"uv": [8.5, 6, 8, 6.5], "texture": "#1"}
			}
		},
		{
			"from": [7.5625, 0.75, 7.5625],
			"to": [8.4375, 1.1875, 8.4375],
			"faces": {
				"north": {"uv": [9.5, 1.5, 10, 1.75], "texture": "#1"},
				"east": {"uv": [9.5, 2, 10, 2.25], "texture": "#1"},
				"south": {"uv": [9.5, 2.5, 10, 2.75], "texture": "#1"},
				"west": {"uv": [9.5, 3, 10, 3.25], "texture": "#1"},
				"up": {"uv": [8.5, 7.5, 8, 7], "texture": "#1"},
				"down": {"uv": [8.5, 7.5, 8, 8], "texture": "#1"}
			}
		},
		{
			"from": [7.5, 1.1875, 7.5],
			"to": [8.5, 1.5, 8.5],
			"faces": {
				"north": {"uv": [9.5, 4.5, 10, 4.625], "texture": "#1"},
				"east": {"uv": [9.5, 5, 10, 5.125], "texture": "#1"},
				"south": {"uv": [9.5, 5.5, 10, 5.625], "texture": "#1"},
				"west": {"uv": [9.5, 6, 10, 6.125], "texture": "#1"},
				"up": {"uv": [9, 6.5, 8.5, 6], "texture": "#1"},
				"down": {"uv": [9, 6.5, 8.5, 7], "texture": "#1"}
			}
		},
		{
			"from": [7.5, 0.4375, 7.5],
			"to": [8.5, 0.75, 8.5],
			"faces": {
				"north": {"uv": [9.5, 6.5, 10, 6.625], "texture": "#1"},
				"east": {"uv": [9.5, 7, 10, 7.125], "texture": "#1"},
				"south": {"uv": [9.5, 7.5, 10, 7.625], "texture": "#1"},
				"west": {"uv": [9.5, 8, 10, 8.125], "texture": "#1"},
				"up": {"uv": [9, 7.5, 8.5, 7], "texture": "#1"},
				"down": {"uv": [9, 7.5, 8.5, 8], "texture": "#1"}
			}
		},
		{
			"from": [7.25, 9, 7.9375],
			"to": [7.5625, 22, 8.0625],
			"rotation": {"angle": 0, "axis": "y", "origin": [16, 0, 0]},
			"faces": {
				"north": {"uv": [1, 1, 1.125, 7.5], "texture": "#1"},
				"east": {"uv": [1.5, 1.5, 1.625, 8], "texture": "#1"},
				"south": {"uv": [2, 2, 2.125, 8.5], "texture": "#1"},
				"west": {"uv": [2.5, 2.5, 2.625, 9], "texture": "#1"},
				"up": {"uv": [3.625, 11.625, 3.5, 11.5], "texture": "#1"},
				"down": {"uv": [4.125, 11.5, 4, 11.625], "texture": "#1"}
			}
		},
		{
			"from": [7.5625, 9, 7.875],
			"to": [8.4375, 22, 8.125],
			"faces": {
				"north": {"uv": [0, 0, 0.5, 6.5], "texture": "#1"},
				"east": {"uv": [3, 3, 3.125, 9.5], "texture": "#1"},
				"south": {"uv": [0.5, 0.5, 1, 7], "texture": "#1"},
				"west": {"uv": [3.5, 3.5, 3.625, 10], "texture": "#1"},
				"up": {"uv": [10, 8.625, 9.5, 8.5], "texture": "#1"},
				"down": {"uv": [10, 9, 9.5, 9.125], "texture": "#1"}
			}
		},
		{
			"from": [7.5625, 22, 7.875],
			"to": [8.4375, 22.6875, 8.125],
			"rotation": {"angle": 0, "axis": "y", "origin": [0, -1, 0]},
			"faces": {
				"north": {"uv": [9, 7.5, 9.5, 7.875], "texture": "#1"},
				"east": {"uv": [9.5, 10, 9.625, 10.375], "texture": "#1"},
				"south": {"uv": [9, 8, 9.5, 8.375], "texture": "#1"},
				"west": {"uv": [10, 10, 10.125, 10.375], "texture": "#1"},
				"up": {"uv": [3.5, 10.125, 3, 10], "texture": "#1"},
				"down": {"uv": [4, 10, 3.5, 10.125], "texture": "#1"}
			}
		},
		{
			"from": [7.875, 9, 7.8375],
			"to": [8.125, 14.5, 8.1625],
			"faces": {
				"north": {"uv": [7.5, 0, 7.625, 2.75], "texture": "#1"},
				"east": {"uv": [7.5, 3, 7.625, 5.75], "texture": "#1"},
				"south": {"uv": [1.5, 8, 1.625, 10.75], "texture": "#1"},
				"west": {"uv": [8, 8, 8.125, 10.75], "texture": "#1"},
				"up": {"uv": [4.625, 11.625, 4.5, 11.5], "texture": "#1"},
				"down": {"uv": [5.125, 11.5, 5, 11.625], "texture": "#1"}
			}
		},
		{
			"from": [8.4375, 9, 7.9375],
			"to": [8.75, 22, 8.0625],
			"faces": {
				"north": {"uv": [4, 4, 4.125, 10.5], "texture": "#1"},
				"east": {"uv": [4.5, 4.5, 4.625, 11], "texture": "#1"},
				"south": {"uv": [5, 5, 5.125, 11.5], "texture": "#1"},
				"west": {"uv": [5.5, 5.5, 5.625, 12], "texture": "#1"},
				"up": {"uv": [7.625, 11.625, 7.5, 11.5], "texture": "#1"},
				"down": {"uv": [8.125, 11.5, 8, 11.625], "texture": "#1"}
			}
		},
		{
			"from": [8.3125, 22, 7.9375],
			"to": [8.625, 22.6875, 8.0625],
			"rotation": {"angle": 0, "axis": "y", "origin": [0, -1, 0]},
			"faces": {
				"north": {"uv": [10, 0, 10.125, 0.375], "texture": "#1"},
				"east": {"uv": [10, 0.5, 10.125, 0.875], "texture": "#1"},
				"south": {"uv": [10, 1, 10.125, 1.375], "texture": "#1"},
				"west": {"uv": [10, 1.5, 10.125, 1.875], "texture": "#1"},
				"up": {"uv": [8.625, 11.625, 8.5, 11.5], "texture": "#1"},
				"down": {"uv": [9.625, 11.5, 9.5, 11.625], "texture": "#1"}
			}
		},
		{
			"from": [7.375, 22, 7.9375],
			"to": [7.6875, 22.6875, 8.0625],
			"rotation": {"angle": 0, "axis": "y", "origin": [16, -1, 0]},
			"faces": {
				"north": {"uv": [10, 2, 10.125, 2.375], "texture": "#1"},
				"east": {"uv": [10, 2.5, 10.125, 2.875], "texture": "#1"},
				"south": {"uv": [10, 3, 10.125, 3.375], "texture": "#1"},
				"west": {"uv": [10, 3.5, 10.125, 3.875], "texture": "#1"},
				"up": {"uv": [10.125, 11.625, 10, 11.5], "texture": "#1"},
				"down": {"uv": [10.625, 11.5, 10.5, 11.625], "texture": "#1"}
			}
		},
		{
			"from": [7.3125, 22.6875, 7.9875],
			"to": [7.4375, 23.375, 8.0125],
			"rotation": {"angle": 0, "axis": "y", "origin": [7.125, 21, 8]},
			"faces": {
				"north": {"uv": [10, 4, 10.125, 4.375], "texture": "#1"},
				"east": {"uv": [10, 4.5, 10.125, 4.875], "texture": "#1"},
				"south": {"uv": [10, 5, 10.125, 5.375], "texture": "#1"},
				"west": {"uv": [10, 5.5, 10.125, 5.875], "texture": "#1"},
				"up": {"uv": [11.125, 11.625, 11, 11.5], "texture": "#1"},
				"down": {"uv": [11.625, 11.5, 11.5, 11.625], "texture": "#1"}
			}
		},
		{
			"from": [8.5625, 22.6875, 7.9875],
			"to": [8.6875, 23.375, 8.0125],
			"rotation": {"angle": 0, "axis": "y", "origin": [8.875, 21, 8]},
			"faces": {
				"north": {"uv": [10, 6, 10.125, 6.375], "texture": "#1"},
				"east": {"uv": [10, 6.5, 10.125, 6.875], "texture": "#1"},
				"south": {"uv": [10, 7, 10.125, 7.375], "texture": "#1"},
				"west": {"uv": [10, 7.5, 10.125, 7.875], "texture": "#1"},
				"up": {"uv": [11.625, 0.125, 11.5, 0], "texture": "#1"},
				"down": {"uv": [11.625, 0.5, 11.5, 0.625], "texture": "#1"}
			}
		},
		{
			"from": [7.5, 23.375, 7.9875],
			"to": [7.5625, 24.0625, 8.0125],
			"rotation": {"angle": 0, "axis": "y", "origin": [7.1125, 21, 7.95]},
			"faces": {
				"north": {"uv": [10, 8, 10.125, 8.375], "texture": "#1"},
				"east": {"uv": [10, 8.5, 10.125, 8.875], "texture": "#1"},
				"south": {"uv": [10, 9, 10.125, 9.375], "texture": "#1"},
				"west": {"uv": [10, 9.5, 10.125, 9.875], "texture": "#1"},
				"up": {"uv": [11.625, 1.125, 11.5, 1], "texture": "#1"},
				"down": {"uv": [11.625, 1.5, 11.5, 1.625], "texture": "#1"}
			}
		},
		{
			"from": [7.5625, 23.375, 7.9375],
			"to": [7.6625, 24.0625, 8.0625],
			"rotation": {"angle": 0, "axis": "y", "origin": [16, -1, 0]},
			"faces": {
				"north": {"uv": [3, 10.5, 3.125, 10.875], "texture": "#1"},
				"east": {"uv": [3.5, 10.5, 3.625, 10.875], "texture": "#1"},
				"south": {"uv": [4, 10.5, 4.125, 10.875], "texture": "#1"},
				"west": {"uv": [7.5, 10.5, 7.625, 10.875], "texture": "#1"},
				"up": {"uv": [11.625, 2.125, 11.5, 2], "texture": "#1"},
				"down": {"uv": [11.625, 2.5, 11.5, 2.625], "texture": "#1"}
			}
		},
		{
			"from": [7.6625, 23.375, 7.875],
			"to": [8.325, 24.0625, 8.125],
			"rotation": {"angle": 0, "axis": "y", "origin": [0, -1, 0]},
			"faces": {
				"north": {"uv": [9, 8.5, 9.375, 8.875], "texture": "#1"},
				"east": {"uv": [9.5, 10.5, 9.625, 10.875], "texture": "#1"},
				"south": {"uv": [3, 9.5, 3.375, 9.875], "texture": "#1"},
				"west": {"uv": [10, 10.5, 10.125, 10.875], "texture": "#1"},
				"up": {"uv": [10.875, 10.625, 10.5, 10.5], "texture": "#1"},
				"down": {"uv": [10.875, 0, 10.5, 0.125], "texture": "#1"}
			}
		},
		{
			"from": [7.85, 24.0625, 7.9375],
			"to": [8.1375, 24.4375, 8.0625],
			"rotation": {"angle": 0, "axis": "y", "origin": [0, -1, 0]},
			"faces": {
				"north": {"uv": [11, 2.5, 11.125, 2.75], "texture": "#1"},
				"east": {"uv": [11, 3, 11.125, 3.25], "texture": "#1"},
				"south": {"uv": [11, 3.5, 11.125, 3.75], "texture": "#1"},
				"west": {"uv": [11, 4, 11.125, 4.25], "texture": "#1"},
				"up": {"uv": [11.625, 3.125, 11.5, 3], "texture": "#1"},
				"down": {"uv": [11.625, 3.5, 11.5, 3.625], "texture": "#1"}
			}
		},
		{
			"from": [8.325, 23.375, 7.9375],
			"to": [8.425, 24.0625, 8.0625],
			"rotation": {"angle": 0, "axis": "y", "origin": [0, -1, 0]},
			"faces": {
				"north": {"uv": [10.5, 0.5, 10.625, 0.875], "texture": "#1"},
				"east": {"uv": [10.5, 1, 10.625, 1.375], "texture": "#1"},
				"south": {"uv": [10.5, 1.5, 10.625, 1.875], "texture": "#1"},
				"west": {"uv": [10.5, 2, 10.625, 2.375], "texture": "#1"},
				"up": {"uv": [11.625, 4.125, 11.5, 4], "texture": "#1"},
				"down": {"uv": [11.625, 4.5, 11.5, 4.625], "texture": "#1"}
			}
		},
		{
			"from": [8.1375, 24.0625, 7.9375],
			"to": [8.2375, 24.4375, 8.0625],
			"rotation": {"angle": 0, "axis": "y", "origin": [0, -1, 0]},
			"faces": {
				"north": {"uv": [11, 4.5, 11.125, 4.75], "texture": "#1"},
				"east": {"uv": [11, 5, 11.125, 5.25], "texture": "#1"},
				"south": {"uv": [11, 5.5, 11.125, 5.75], "texture": "#1"},
				"west": {"uv": [11, 6, 11.125, 6.25], "texture": "#1"},
				"up": {"uv": [11.625, 5.125, 11.5, 5], "texture": "#1"},
				"down": {"uv": [11.625, 5.5, 11.5, 5.625], "texture": "#1"}
			}
		},
		{
			"from": [7.7625, 24.0625, 7.9375],
			"to": [7.8625, 24.4375, 8.0625],
			"rotation": {"angle": 0, "axis": "y", "origin": [16, -1, 0]},
			"faces": {
				"north": {"uv": [11, 6.5, 11.125, 6.75], "texture": "#1"},
				"east": {"uv": [11, 7, 11.125, 7.25], "texture": "#1"},
				"south": {"uv": [11, 7.5, 11.125, 7.75], "texture": "#1"},
				"west": {"uv": [11, 8, 11.125, 8.25], "texture": "#1"},
				"up": {"uv": [11.625, 6.125, 11.5, 6], "texture": "#1"},
				"down": {"uv": [11.625, 6.5, 11.5, 6.625], "texture": "#1"}
			}
		},
		{
			"from": [8.425, 23.375, 7.9875],
			"to": [8.4875, 24.0625, 8.0125],
			"rotation": {"angle": 0, "axis": "y", "origin": [8.9625, 21, 7.9625]},
			"faces": {
				"north": {"uv": [10.5, 2.5, 10.625, 2.875], "texture": "#1"},
				"east": {"uv": [10.5, 3, 10.625, 3.375], "texture": "#1"},
				"south": {"uv": [10.5, 3.5, 10.625, 3.875], "texture": "#1"},
				"west": {"uv": [10.5, 4, 10.625, 4.375], "texture": "#1"},
				"up": {"uv": [11.625, 7.125, 11.5, 7], "texture": "#1"},
				"down": {"uv": [11.625, 7.5, 11.5, 7.625], "texture": "#1"}
			}
		},
		{
			"from": [8.2375, 24.0625, 7.9875],
			"to": [8.275, 24.4375, 8.0125],
			"rotation": {"angle": 0, "axis": "y", "origin": [8.9625, 21, 7.9625]},
			"faces": {
				"north": {"uv": [11, 8.5, 11.125, 8.75], "texture": "#1"},
				"east": {"uv": [11, 9, 11.125, 9.25], "texture": "#1"},
				"south": {"uv": [11, 9.5, 11.125, 9.75], "texture": "#1"},
				"west": {"uv": [11, 10, 11.125, 10.25], "texture": "#1"},
				"up": {"uv": [11.625, 8.125, 11.5, 8], "texture": "#1"},
				"down": {"uv": [11.625, 8.5, 11.5, 8.625], "texture": "#1"}
			}
		},
		{
			"from": [7.894, 24.4375, 7.9625],
			"to": [8.1065, 24.75, 8.0375],
			"rotation": {"angle": 0, "axis": "y", "origin": [8.9625, 21, 7.9625]},
			"faces": {
				"north": {"uv": [11.5, 9, 11.625, 9.125], "texture": "#1"},
				"east": {"uv": [11.5, 9.5, 11.625, 9.625], "texture": "#1"},
				"south": {"uv": [11.5, 10, 11.625, 10.125], "texture": "#1"},
				"west": {"uv": [11.5, 10.5, 11.625, 10.625], "texture": "#1"},
				"up": {"uv": [11.625, 11.125, 11.5, 11], "texture": "#1"},
				"down": {"uv": [1.625, 12, 1.5, 12.125], "texture": "#1"}
			}
		},
		{
			"from": [7.9125, 24.5625, 7.9875],
			"to": [8.075, 24.8125, 8.0125],
			"rotation": {"angle": 0, "axis": "y", "origin": [8.9625, 21, 7.9625]},
			"faces": {
				"north": {"uv": [2, 12, 2.125, 12.125], "texture": "#1"},
				"east": {"uv": [2.5, 12, 2.625, 12.125], "texture": "#1"},
				"south": {"uv": [3, 12, 3.125, 12.125], "texture": "#1"},
				"west": {"uv": [3.5, 12, 3.625, 12.125], "texture": "#1"},
				"up": {"uv": [4.125, 12.125, 4, 12], "texture": "#1"},
				"down": {"uv": [4.625, 12, 4.5, 12.125], "texture": "#1"}
			}
		},
		{
			"from": [7.8565, 24.4375, 7.9875],
			"to": [7.894, 24.75, 8.0125],
			"rotation": {"angle": 0, "axis": "y", "origin": [8.969, 21, 7.9875]},
			"faces": {
				"north": {"uv": [5, 12, 5.125, 12.125], "texture": "#1"},
				"east": {"uv": [5.5, 12, 5.625, 12.125], "texture": "#1"},
				"south": {"uv": [7.5, 12, 7.625, 12.125], "texture": "#1"},
				"west": {"uv": [8, 12, 8.125, 12.125], "texture": "#1"},
				"up": {"uv": [8.625, 12.125, 8.5, 12], "texture": "#1"},
				"down": {"uv": [9.125, 12, 9, 12.125], "texture": "#1"}
			}
		},
		{
			"from": [8.1065, 24.4375, 7.9875],
			"to": [8.144, 24.75, 8.0125],
			"rotation": {"angle": 0, "axis": "y", "origin": [7.0315, 21, 7.9875]},
			"faces": {
				"north": {"uv": [9.5, 12, 9.625, 12.125], "texture": "#1"},
				"east": {"uv": [10, 12, 10.125, 12.125], "texture": "#1"},
				"south": {"uv": [10.5, 12, 10.625, 12.125], "texture": "#1"},
				"west": {"uv": [11, 12, 11.125, 12.125], "texture": "#1"},
				"up": {"uv": [11.625, 12.125, 11.5, 12], "texture": "#1"},
				"down": {"uv": [12.125, 12, 12, 12.125], "texture": "#1"}
			}
		},
		{
			"from": [7.725, 24.0625, 7.9875],
			"to": [7.7625, 24.4375, 8.0125],
			"rotation": {"angle": 0, "axis": "y", "origin": [7.0375, 21, 7.9625]},
			"faces": {
				"north": {"uv": [11, 10.5, 11.125, 10.75], "texture": "#1"},
				"east": {"uv": [1.5, 11.5, 1.625, 11.75], "texture": "#1"},
				"south": {"uv": [2, 11.5, 2.125, 11.75], "texture": "#1"},
				"west": {"uv": [3, 11.5, 3.125, 11.75], "texture": "#1"},
				"up": {"uv": [12.125, 0.125, 12, 0], "texture": "#1"},
				"down": {"uv": [12.125, 0.5, 12, 0.625], "texture": "#1"}
			}
		},
		{
			"from": [8.375, 22.6875, 7.9375],
			"to": [8.5625, 23.375, 8.0625],
			"rotation": {"angle": 0, "axis": "y", "origin": [0, -1, 0]},
			"faces": {
				"north": {"uv": [10.5, 4.5, 10.625, 4.875], "texture": "#1"},
				"east": {"uv": [10.5, 5, 10.625, 5.375], "texture": "#1"},
				"south": {"uv": [10.5, 5.5, 10.625, 5.875], "texture": "#1"},
				"west": {"uv": [10.5, 6, 10.625, 6.375], "texture": "#1"},
				"up": {"uv": [12.125, 1.125, 12, 1], "texture": "#1"},
				"down": {"uv": [12.125, 1.5, 12, 1.625], "texture": "#1"}
			}
		},
		{
			"from": [7.625, 22.6875, 7.875],
			"to": [8.375, 23.375, 8.125],
			"rotation": {"angle": 0, "axis": "y", "origin": [0, -1, 0]},
			"faces": {
				"north": {"uv": [9.5, 9.5, 9.875, 9.875], "texture": "#1"},
				"east": {"uv": [10.5, 6.5, 10.625, 6.875], "texture": "#1"},
				"south": {"uv": [9.5, 0, 9.875, 0.375], "texture": "#1"},
				"west": {"uv": [10.5, 7, 10.625, 7.375], "texture": "#1"},
				"up": {"uv": [10.875, 7.625, 10.5, 7.5], "texture": "#1"},
				"down": {"uv": [10.875, 8, 10.5, 8.125], "texture": "#1"}
			}
		},
		{
			"from": [7.4375, 22.6875, 7.9375],
			"to": [7.625, 23.375, 8.0625],
			"rotation": {"angle": 0, "axis": "y", "origin": [16, -1, 0]},
			"faces": {
				"north": {"uv": [10.5, 8.5, 10.625, 8.875], "texture": "#1"},
				"east": {"uv": [10.5, 9, 10.625, 9.375], "texture": "#1"},
				"south": {"uv": [10.5, 9.5, 10.625, 9.875], "texture": "#1"},
				"west": {"uv": [10.5, 10, 10.625, 10.375], "texture": "#1"},
				"up": {"uv": [12.125, 2.125, 12, 2], "texture": "#1"},
				"down": {"uv": [12.125, 2.5, 12, 2.625], "texture": "#1"}
			}
		},
		{
			"from": [8.75, 9, 7.9875],
			"to": [9, 22, 8.0125],
			"faces": {
				"north": {"uv": [6, 6, 6.125, 12.5], "texture": "#1"},
				"east": {"uv": [0, 6.5, 0.125, 13], "texture": "#1"},
				"south": {"uv": [6.5, 6.5, 6.625, 13], "texture": "#1"},
				"west": {"uv": [6.5, 0, 6.625, 6.5], "texture": "#1"},
				"up": {"uv": [12.125, 3.125, 12, 3], "texture": "#1"},
				"down": {"uv": [12.125, 3.5, 12, 3.625], "texture": "#1"}
			}
		},
		{
			"from": [7, 9, 7.9875],
			"to": [7.25, 22, 8.0125],
			"rotation": {"angle": 0, "axis": "y", "origin": [16, 0, 0]},
			"faces": {
				"north": {"uv": [0.5, 7, 0.625, 13.5], "texture": "#1"},
				"east": {"uv": [7, 7, 7.125, 13.5], "texture": "#1"},
				"south": {"uv": [7, 0, 7.125, 6.5], "texture": "#1"},
				"west": {"uv": [1, 7.5, 1.125, 14], "texture": "#1"},
				"up": {"uv": [12.125, 4.125, 12, 4], "texture": "#1"},
				"down": {"uv": [12.125, 4.5, 12, 4.625], "texture": "#1"}
			}
		},
		{
			"from": [7.125, 22, 7.9875],
			"to": [7.375, 22.6875, 8.0125],
			"rotation": {"angle": 0, "axis": "y", "origin": [7.125, 21, 8]},
			"faces": {
				"north": {"uv": [1.5, 11, 1.625, 11.375], "texture": "#1"},
				"east": {"uv": [3, 11, 3.125, 11.375], "texture": "#1"},
				"south": {"uv": [3.5, 11, 3.625, 11.375], "texture": "#1"},
				"west": {"uv": [4, 11, 4.125, 11.375], "texture": "#1"},
				"up": {"uv": [12.125, 5.125, 12, 5], "texture": "#1"},
				"down": {"uv": [12.125, 5.5, 12, 5.625], "texture": "#1"}
			}
		},
		{
			"from": [8.625, 22, 7.9875],
			"to": [8.875, 22.6875, 8.0125],
			"rotation": {"angle": 0, "axis": "y", "origin": [8.875, 21, 8]},
			"faces": {
				"north": {"uv": [4.5, 11, 4.625, 11.375], "texture": "#1"},
				"east": {"uv": [7.5, 11, 7.625, 11.375], "texture": "#1"},
				"south": {"uv": [8, 11, 8.125, 11.375], "texture": "#1"},
				"west": {"uv": [9.5, 11, 9.625, 11.375], "texture": "#1"},
				"up": {"uv": [12.125, 6.125, 12, 6], "texture": "#1"},
				"down": {"uv": [12.125, 6.5, 12, 6.625], "texture": "#1"}
			}
		}
	],
	"display": {
		"thirdperson_righthand": {
			"rotation": [0, 90, 0],
			"translation": [0, 3.25, 1.25],
			"scale": [1.3, 1.3, 1.3]
		},
		"thirdperson_lefthand": {
			"rotation": [0, 90, 0],
			"translation": [0, 3.25, 1.25],
			"scale": [1.3, 1.3, 1.3]
		},
		"firstperson_righthand": {
			"rotation": [-1.5, 96.75, 6.25],
			"translation": [1.75, 1.25, 0.5],
			"scale": [0.85, 0.85, 0.85]
		},
		"firstperson_lefthand": {
			"rotation": [-1.5, 96.75, 6.25],
			"translation": [1.75, 1.25, 0.5],
			"scale": [0.85, 0.85, 0.85]
		},
		"ground": {
			"translation": [0, 3.25, 0],
			"scale": [0.85, 0.85, 0.85]
		},
		"gui": {
			"rotation": [0, 0, -45],
			"translation": [-2.5, -2.75, 0],
			"scale": [0.85, 0.85, 0.85]
		},
		"fixed": {
			"rotation": [0, 0, 45],
			"translation": [3, -3, -0.25]
		}
	},
	"groups": [
		{
			"name": "group",
			"origin": [0, 0, 0],
			"children": [
				{
					"name": "handle",
					"origin": [0, 0, 0],
					"children": [0, 1, 2, 3, 4, 5, 6, 7, 8, 9, 10, 11, 12, 13]
				},
				{
					"name": "blade",
					"origin": [8.875, 21, 8],
					"children": [14, 15, 16, 17, 18, 19, 20, 21, 22, 23, 24, 25, 26, 27, 28, 29, 30, 31, 32, 33, 34, 35, 36, 37, 38, 39, 40, 41, 42, 43]
				}
			]
		}
	]
}