{
	"credit": "Made with Blockbench",
	"texture_size": [32, 32],
	"textures": {
		"1": "item/honeycomb"
	},
	"elements": [
		{
			"from": [7.8125, 0, 7.8125],
			"to": [8.1875, 0.5, 8.1875],
			"faces": {
				"north": {"uv": [7.5, 2.5, 7.75, 2.75], "texture": "#1"},
				"east": {"uv": [7.5, 3, 7.75, 3.25], "texture": "#1"},
				"south": {"uv": [7.5, 3.5, 7.75, 3.75], "texture": "#1"},
				"west": {"uv": [7.5, 4, 7.75, 4.25], "texture": "#1"},
				"up": {"uv": [7.75, 4.75, 7.5, 4.5], "texture": "#1"},
				"down": {"uv": [7.75, 5, 7.5, 5.25], "texture": "#1"}
			}
		},
		{
			"from": [7.75, -0.5, 7.75],
			"to": [8.25, 0, 8.25],
			"faces": {
				"north": {"uv": [7.5, 5.5, 7.75, 5.75], "texture": "#1"},
				"east": {"uv": [7.5, 6, 7.75, 6.25], "texture": "#1"},
				"south": {"uv": [7.5, 6.5, 7.75, 6.75], "texture": "#1"},
				"west": {"uv": [7, 7.5, 7.25, 7.75], "texture": "#1"},
				"up": {"uv": [7.75, 7.25, 7.5, 7], "texture": "#1"},
				"down": {"uv": [7.75, 7.5, 7.5, 7.75], "texture": "#1"}
			}
		},
		{
			"from": [7.8125, -0.75, 7.8125],
			"to": [8.1875, -0.5, 8.1875],
			"faces": {
				"north": {"uv": [9.5, 0.5, 9.75, 0.625], "texture": "#1"},
				"east": {"uv": [1, 9.5, 1.25, 9.625], "texture": "#1"},
				"south": {"uv": [9.5, 1, 9.75, 1.125], "texture": "#1"},
				"west": {"uv": [1.5, 9.5, 1.75, 9.625], "texture": "#1"},
				"up": {"uv": [8.25, 0.25, 8, 0], "texture": "#1"},
				"down": {"uv": [8.25, 0.5, 8, 0.75], "texture": "#1"}
			}
		},
		{
			"from": [7.75, 1.5, 7.75],
			"to": [8.25, 2, 8.25],
			"faces": {
				"north": {"uv": [1, 8, 1.25, 8.25], "texture": "#1"},
				"east": {"uv": [8, 1, 8.25, 1.25], "texture": "#1"},
				"south": {"uv": [1.5, 8, 1.75, 8.25], "texture": "#1"},
				"west": {"uv": [8, 1.5, 8.25, 1.75], "texture": "#1"},
				"up": {"uv": [2.25, 8.25, 2, 8], "texture": "#1"},
				"down": {"uv": [8.25, 2, 8, 2.25], "texture": "#1"}
			}
		},
		{
			"from": [7.8125, 1, 7.8125],
			"to": [8.1875, 1.5, 8.1875],
			"faces": {
				"north": {"uv": [2.5, 8, 2.75, 8.25], "texture": "#1"},
				"east": {"uv": [8, 2.5, 8.25, 2.75], "texture": "#1"},
				"south": {"uv": [3, 8, 3.25, 8.25], "texture": "#1"},
				"west": {"uv": [8, 3, 8.25, 3.25], "texture": "#1"},
				"up": {"uv": [3.75, 8.25, 3.5, 8], "texture": "#1"},
				"down": {"uv": [8.25, 3.5, 8, 3.75], "texture": "#1"}
			}
		},
		{
			"from": [7.75, 2.5, 7.75],
			"to": [8.25, 3, 8.25],
			"faces": {
				"north": {"uv": [4, 8, 4.25, 8.25], "texture": "#1"},
				"east": {"uv": [8, 4, 8.25, 4.25], "texture": "#1"},
				"south": {"uv": [4.5, 8, 4.75, 8.25], "texture": "#1"},
				"west": {"uv": [8, 4.5, 8.25, 4.75], "texture": "#1"},
				"up": {"uv": [5.25, 8.25, 5, 8], "texture": "#1"},
				"down": {"uv": [8.25, 5, 8, 5.25], "texture": "#1"}
			}
		},
		{
			"from": [7.8125, 2, 7.8125],
			"to": [8.1875, 2.5, 8.1875],
			"faces": {
				"north": {"uv": [5.5, 8, 5.75, 8.25], "texture": "#1"},
				"east": {"uv": [8, 5.5, 8.25, 5.75], "texture": "#1"},
				"south": {"uv": [6, 8, 6.25, 8.25], "texture": "#1"},
				"west": {"uv": [8, 6, 8.25, 6.25], "texture": "#1"},
				"up": {"uv": [6.75, 8.25, 6.5, 8], "texture": "#1"},
				"down": {"uv": [8.25, 6.5, 8, 6.75], "texture": "#1"}
			}
		},
		{
			"from": [7.8125, 3, 7.8125],
			"to": [8.1875, 3.5, 8.1875],
			"faces": {
				"north": {"uv": [7, 8, 7.25, 8.25], "texture": "#1"},
				"east": {"uv": [8, 7, 8.25, 7.25], "texture": "#1"},
				"south": {"uv": [7.5, 8, 7.75, 8.25], "texture": "#1"},
				"west": {"uv": [8, 7.5, 8.25, 7.75], "texture": "#1"},
				"up": {"uv": [8.25, 8.25, 8, 8], "texture": "#1"},
				"down": {"uv": [8.75, 0, 8.5, 0.25], "texture": "#1"}
			}
		},
		{
			"from": [7.6875, 4, 7.8125],
			"to": [8.3125, 4.25, 8.1875],
			"faces": {
				"north": {"uv": [8.5, 5, 8.875, 5.125], "texture": "#1"},
				"east": {"uv": [9.5, 1.5, 9.75, 1.625], "texture": "#1"},
				"south": {"uv": [5.5, 8.5, 5.875, 8.625], "texture": "#1"},
				"west": {"uv": [2, 9.5, 2.25, 9.625], "texture": "#1"},
				"up": {"uv": [1.875, 7.25, 1.5, 7], "texture": "#1"},
				"down": {"uv": [7.375, 1.5, 7, 1.75], "texture": "#1"}
			}
		},
		{
			"from": [7.6875, 3.5, 7.6875],
			"to": [8.3125, 4, 8.3125],
			"faces": {
				"north": {"uv": [2, 7, 2.375, 7.25], "texture": "#1"},
				"east": {"uv": [7, 2, 7.375, 2.25], "texture": "#1"},
				"south": {"uv": [2.5, 7, 2.875, 7.25], "texture": "#1"},
				"west": {"uv": [7, 2.5, 7.375, 2.75], "texture": "#1"},
				"up": {"uv": [1.375, 7.375, 1, 7], "texture": "#1"},
				"down": {"uv": [7.375, 1, 7, 1.375], "texture": "#1"}
			}
		},
		{
			"from": [8.0625, 4.85, 7.9],
			"to": [8.2875, 6.375, 8.1],
			"faces": {
				"north": {"uv": [3, 7, 3.125, 7.75], "texture": "#1"},
				"east": {"uv": [7, 3, 7.125, 3.75], "texture": "#1"},
				"south": {"uv": [3.5, 7, 3.625, 7.75], "texture": "#1"},
				"west": {"uv": [4, 7, 4.125, 7.75], "texture": "#1"},
				"up": {"uv": [9.625, 6.125, 9.5, 6], "texture": "#1"},
				"down": {"uv": [6.625, 9.5, 6.5, 9.625], "texture": "#1"}
			}
		},
		{
			"from": [7.7125, 4.85, 7.9],
			"to": [7.9375, 6.375, 8.1],
			"rotation": {"angle": 0, "axis": "y", "origin": [16, 0, 0]},
			"faces": {
				"north": {"uv": [7, 4, 7.125, 4.75], "texture": "#1"},
				"east": {"uv": [4.5, 7, 4.625, 7.75], "texture": "#1"},
				"south": {"uv": [5, 7, 5.125, 7.75], "texture": "#1"},
				"west": {"uv": [7, 5, 7.125, 5.75], "texture": "#1"},
				"up": {"uv": [9.625, 6.625, 9.5, 6.5], "texture": "#1"},
				"down": {"uv": [7.125, 9.5, 7, 9.625], "texture": "#1"}
			}
		},
		{
			"from": [7.8, 6.375, 7.9],
			"to": [8.2, 6.575, 8.1],
			"rotation": {"angle": 0, "axis": "y", "origin": [16, 0, 0]},
			"faces": {
				"north": {"uv": [9.5, 2, 9.75, 2.125], "texture": "#1"},
				"east": {"uv": [9.5, 7, 9.625, 7.125], "texture": "#1"},
				"south": {"uv": [2.5, 9.5, 2.75, 9.625], "texture": "#1"},
				"west": {"uv": [7.5, 9.5, 7.625, 9.625], "texture": "#1"},
				"up": {"uv": [9.75, 2.625, 9.5, 2.5], "texture": "#1"},
				"down": {"uv": [3.25, 9.5, 3, 9.625], "texture": "#1"}
			}
		},
		{
			"from": [7.8, 4.65, 7.9],
			"to": [8.2, 4.85, 8.1],
			"rotation": {"angle": 0, "axis": "y", "origin": [16, 0, 0]},
			"faces": {
				"north": {"uv": [9.5, 3, 9.75, 3.125], "texture": "#1"},
				"east": {"uv": [9.5, 7.5, 9.625, 7.625], "texture": "#1"},
				"south": {"uv": [3.5, 9.5, 3.75, 9.625], "texture": "#1"},
				"west": {"uv": [8, 9.5, 8.125, 9.625], "texture": "#1"},
				"up": {"uv": [9.75, 3.625, 9.5, 3.5], "texture": "#1"},
				"down": {"uv": [4.25, 9.5, 4, 9.625], "texture": "#1"}
			}
		},
		{
			"from": [7.9375, 4.85, 7.875],
			"to": [8.0625, 6.375, 8.125],
			"faces": {
				"north": {"uv": [5.5, 7, 5.625, 7.75], "texture": "#1"},
				"east": {"uv": [6, 7, 6.125, 7.75], "texture": "#1"},
				"south": {"uv": [7, 6, 7.125, 6.75], "texture": "#1"},
				"west": {"uv": [6.5, 7, 6.625, 7.75], "texture": "#1"},
				"up": {"uv": [9.625, 8.125, 9.5, 8], "texture": "#1"},
				"down": {"uv": [8.625, 9.5, 8.5, 9.625], "texture": "#1"}
			}
		},
		{
			"from": [6.5625, 3.5, 7.8125],
			"to": [7.6875, 4, 8.1875],
			"faces": {
				"north": {"uv": [1, 6.5, 1.625, 6.75], "texture": "#1"},
				"east": {"uv": [8.5, 0.5, 8.75, 0.75], "texture": "#1"},
				"south": {"uv": [2, 6.5, 2.625, 6.75], "texture": "#1"},
				"west": {"uv": [1, 8.5, 1.25, 8.75], "texture": "#1"},
				"up": {"uv": [3.625, 6.75, 3, 6.5], "texture": "#1"},
				"down": {"uv": [4.625, 6.5, 4, 6.75], "texture": "#1"}
			}
		},
		{
			"from": [6, 3.5, 7.8125],
			"to": [6.125, 4, 8.1875],
			"faces": {
				"north": {"uv": [9.5, 4, 9.625, 4.25], "texture": "#1"},
				"east": {"uv": [8.5, 1, 8.75, 1.25], "texture": "#1"},
				"south": {"uv": [4.5, 9.5, 4.625, 9.75], "texture": "#1"},
				"west": {"uv": [1.5, 8.5, 1.75, 8.75], "texture": "#1"},
				"up": {"uv": [9.625, 4.75, 9.5, 4.5], "texture": "#1"},
				"down": {"uv": [5.125, 9.5, 5, 9.75], "texture": "#1"}
			}
		},
		{
			"from": [9.875, 3.5, 7.8125],
			"to": [10, 4, 8.1875],
			"rotation": {"angle": 0, "axis": "y", "origin": [16, 0, 0]},
			"faces": {
				"north": {"uv": [9.5, 5, 9.625, 5.25], "texture": "#1"},
				"east": {"uv": [8.5, 1.5, 8.75, 1.75], "texture": "#1"},
				"south": {"uv": [5.5, 9.5, 5.625, 9.75], "texture": "#1"},
				"west": {"uv": [2, 8.5, 2.25, 8.75], "texture": "#1"},
				"up": {"uv": [9.625, 5.75, 9.5, 5.5], "texture": "#1"},
				"down": {"uv": [6.125, 9.5, 6, 9.75], "texture": "#1"}
			}
		},
		{
			"from": [6.125, 3.375, 7.8125],
			"to": [6.5625, 4.125, 8.1875],
			"faces": {
				"north": {"uv": [7, 7, 7.25, 7.375], "texture": "#1"},
				"east": {"uv": [1, 7.5, 1.25, 7.875], "texture": "#1"},
				"south": {"uv": [7.5, 1, 7.75, 1.375], "texture": "#1"},
				"west": {"uv": [1.5, 7.5, 1.75, 7.875], "texture": "#1"},
				"up": {"uv": [8.75, 2.25, 8.5, 2], "texture": "#1"},
				"down": {"uv": [2.75, 8.5, 2.5, 8.75], "texture": "#1"}
			}
		},
		{
			"from": [9.4375, 3.375, 7.8125],
			"to": [9.875, 4.125, 8.1875],
			"rotation": {"angle": 0, "axis": "y", "origin": [16, 0, 0]},
			"faces": {
				"north": {"uv": [7.5, 1.5, 7.75, 1.875], "texture": "#1"},
				"east": {"uv": [2, 7.5, 2.25, 7.875], "texture": "#1"},
				"south": {"uv": [7.5, 2, 7.75, 2.375], "texture": "#1"},
				"west": {"uv": [2.5, 7.5, 2.75, 7.875], "texture": "#1"},
				"up": {"uv": [8.75, 2.75, 8.5, 2.5], "texture": "#1"},
				"down": {"uv": [3.25, 8.5, 3, 8.75], "texture": "#1"}
			}
		},
		{
			"from": [8.3125, 3.5, 7.8125],
			"to": [9.4375, 4, 8.1875],
			"rotation": {"angle": 0, "axis": "y", "origin": [16, 0, 0]},
			"faces": {
				"north": {"uv": [5, 6.5, 5.625, 6.75], "texture": "#1"},
				"east": {"uv": [8.5, 3, 8.75, 3.25], "texture": "#1"},
				"south": {"uv": [6, 6.5, 6.625, 6.75], "texture": "#1"},
				"west": {"uv": [3.5, 8.5, 3.75, 8.75], "texture": "#1"},
				"up": {"uv": [7.625, 0.25, 7, 0], "texture": "#1"},
				"down": {"uv": [7.625, 0.5, 7, 0.75], "texture": "#1"}
			}
		},
		{
			"from": [7.75, 0.5, 7.75],
			"to": [8.25, 1, 8.25],
			"faces": {
				"north": {"uv": [8.5, 3.5, 8.75, 3.75], "texture": "#1"},
				"east": {"uv": [4, 8.5, 4.25, 8.75], "texture": "#1"},
				"south": {"uv": [8.5, 4, 8.75, 4.25], "texture": "#1"},
				"west": {"uv": [4.5, 8.5, 4.75, 8.75], "texture": "#1"},
				"up": {"uv": [8.75, 4.75, 8.5, 4.5], "texture": "#1"},
				"down": {"uv": [5.25, 8.5, 5, 8.75], "texture": "#1"}
			}
		},
		{
			"from": [7.5, 3.875, 7.9375],
			"to": [7.8125, 16.875, 8.0625],
			"rotation": {"angle": 0, "axis": "y", "origin": [16, 0, 0]},
			"faces": {
				"north": {"uv": [0, 0, 0.125, 6.5], "texture": "#1"},
				"east": {"uv": [0.5, 0, 0.625, 6.5], "texture": "#1"},
				"south": {"uv": [1, 0, 1.125, 6.5], "texture": "#1"},
				"west": {"uv": [1.5, 0, 1.625, 6.5], "texture": "#1"},
				"up": {"uv": [9.625, 8.625, 9.5, 8.5], "texture": "#1"},
				"down": {"uv": [9.125, 9.5, 9, 9.625], "texture": "#1"}
			}
		},
		{
			"from": [8.1875, 3.875, 7.9375],
			"to": [8.5, 16.875, 8.0625],
			"faces": {
				"north": {"uv": [2, 0, 2.125, 6.5], "texture": "#1"},
				"east": {"uv": [2.5, 0, 2.625, 6.5], "texture": "#1"},
				"south": {"uv": [3, 0, 3.125, 6.5], "texture": "#1"},
				"west": {"uv": [3.5, 0, 3.625, 6.5], "texture": "#1"},
				"up": {"uv": [9.625, 9.125, 9.5, 9], "texture": "#1"},
				"down": {"uv": [9.625, 9.5, 9.5, 9.625], "texture": "#1"}
			}
		},
		{
			"from": [8.125, 16.875, 7.9375],
			"to": [8.375, 17.5625, 8.0625],
			"rotation": {"angle": 0, "axis": "y", "origin": [0, -1, 0]},
			"faces": {
				"north": {"uv": [8.5, 5.5, 8.625, 5.875], "texture": "#1"},
				"east": {"uv": [6, 8.5, 6.125, 8.875], "texture": "#1"},
				"south": {"uv": [8.5, 6, 8.625, 6.375], "texture": "#1"},
				"west": {"uv": [6.5, 8.5, 6.625, 8.875], "texture": "#1"},
				"up": {"uv": [10.125, 0.125, 10, 0], "texture": "#1"},
				"down": {"uv": [10.125, 0.5, 10, 0.625], "texture": "#1"}
			}
		},
		{
			"from": [7.625, 16.875, 7.9375],
			"to": [7.875, 17.5625, 8.0625],
			"rotation": {"angle": 0, "axis": "y", "origin": [16, -1, 0]},
			"faces": {
				"north": {"uv": [8.5, 6.5, 8.625, 6.875], "texture": "#1"},
				"east": {"uv": [7, 8.5, 7.125, 8.875], "texture": "#1"},
				"south": {"uv": [8.5, 7, 8.625, 7.375], "texture": "#1"},
				"west": {"uv": [7.5, 8.5, 7.625, 8.875], "texture": "#1"},
				"up": {"uv": [1.125, 10.125, 1, 10], "texture": "#1"},
				"down": {"uv": [10.125, 1, 10, 1.125], "texture": "#1"}
			}
		},
		{
			"from": [7.5625, 17.5625, 7.9875],
			"to": [7.6875, 18.25, 8.0125],
			"rotation": {"angle": 0, "axis": "y", "origin": [7.125, 21, 8]},
			"faces": {
				"north": {"uv": [8.5, 7.5, 8.625, 7.875], "texture": "#1"},
				"east": {"uv": [8, 8.5, 8.125, 8.875], "texture": "#1"},
				"south": {"uv": [8.5, 8, 8.625, 8.375], "texture": "#1"},
				"west": {"uv": [8.5, 8.5, 8.625, 8.875], "texture": "#1"},
				"up": {"uv": [1.625, 10.125, 1.5, 10], "texture": "#1"},
				"down": {"uv": [10.125, 1.5, 10, 1.625], "texture": "#1"}
			}
		},
		{
			"from": [8.3125, 17.5625, 7.9875],
			"to": [8.4375, 18.25, 8.0125],
			"rotation": {"angle": 0, "axis": "y", "origin": [8.875, 21, 8]},
			"faces": {
				"north": {"uv": [9, 0, 9.125, 0.375], "texture": "#1"},
				"east": {"uv": [9, 0.5, 9.125, 0.875], "texture": "#1"},
				"south": {"uv": [1, 9, 1.125, 9.375], "texture": "#1"},
				"west": {"uv": [9, 1, 9.125, 1.375], "texture": "#1"},
				"up": {"uv": [2.125, 10.125, 2, 10], "texture": "#1"},
				"down": {"uv": [10.125, 2, 10, 2.125], "texture": "#1"}
			}
		},
		{
			"from": [7.75, 18.25, 7.9875],
			"to": [7.8125, 18.9375, 8.0125],
			"rotation": {"angle": 0, "axis": "y", "origin": [7.1125, 21, 7.95]},
			"faces": {
				"north": {"uv": [1.5, 9, 1.625, 9.375], "texture": "#1"},
				"east": {"uv": [9, 1.5, 9.125, 1.875], "texture": "#1"},
				"south": {"uv": [2, 9, 2.125, 9.375], "texture": "#1"},
				"west": {"uv": [9, 2, 9.125, 2.375], "texture": "#1"},
				"up": {"uv": [2.625, 10.125, 2.5, 10], "texture": "#1"},
				"down": {"uv": [10.125, 2.5, 10, 2.625], "texture": "#1"}
			}
		},
		{
			"from": [7.8125, 18.25, 7.9375],
			"to": [7.9125, 18.9375, 8.0625],
			"rotation": {"angle": 0, "axis": "y", "origin": [16, -1, 0]},
			"faces": {
				"north": {"uv": [2.5, 9, 2.625, 9.375], "texture": "#1"},
				"east": {"uv": [9, 2.5, 9.125, 2.875], "texture": "#1"},
				"south": {"uv": [3, 9, 3.125, 9.375], "texture": "#1"},
				"west": {"uv": [9, 3, 9.125, 3.375], "texture": "#1"},
				"up": {"uv": [3.125, 10.125, 3, 10], "texture": "#1"},
				"down": {"uv": [10.125, 3, 10, 3.125], "texture": "#1"}
			}
		},
		{
			"from": [8.075, 18.25, 7.9375],
			"to": [8.175, 18.9375, 8.0625],
			"rotation": {"angle": 0, "axis": "y", "origin": [0, -1, 0]},
			"faces": {
				"north": {"uv": [3.5, 9, 3.625, 9.375], "texture": "#1"},
				"east": {"uv": [9, 3.5, 9.125, 3.875], "texture": "#1"},
				"south": {"uv": [4, 9, 4.125, 9.375], "texture": "#1"},
				"west": {"uv": [9, 4, 9.125, 4.375], "texture": "#1"},
				"up": {"uv": [3.625, 10.125, 3.5, 10], "texture": "#1"},
				"down": {"uv": [10.125, 3.5, 10, 3.625], "texture": "#1"}
			}
		},
		{
			"from": [8.175, 18.25, 7.9875],
			"to": [8.2375, 18.9375, 8.0125],
			"rotation": {"angle": 0, "axis": "y", "origin": [8.9625, 21, 7.9625]},
			"faces": {
				"north": {"uv": [4.5, 9, 4.625, 9.375], "texture": "#1"},
				"east": {"uv": [9, 4.5, 9.125, 4.875], "texture": "#1"},
				"south": {"uv": [5, 9, 5.125, 9.375], "texture": "#1"},
				"west": {"uv": [9, 5, 9.125, 5.375], "texture": "#1"},
				"up": {"uv": [4.125, 10.125, 4, 10], "texture": "#1"},
				"down": {"uv": [10.125, 4, 10, 4.125], "texture": "#1"}
			}
		},
		{
			"from": [8.125, 17.5625, 7.9375],
			"to": [8.3125, 18.25, 8.0625],
			"rotation": {"angle": 0, "axis": "y", "origin": [0, -1, 0]},
			"faces": {
				"north": {"uv": [5.5, 9, 5.625, 9.375], "texture": "#1"},
				"east": {"uv": [9, 5.5, 9.125, 5.875], "texture": "#1"},
				"south": {"uv": [6, 9, 6.125, 9.375], "texture": "#1"},
				"west": {"uv": [9, 6, 9.125, 6.375], "texture": "#1"},
				"up": {"uv": [4.625, 10.125, 4.5, 10], "texture": "#1"},
				"down": {"uv": [10.125, 4.5, 10, 4.625], "texture": "#1"}
			}
		},
		{
			"from": [7.6875, 17.5625, 7.9375],
			"to": [7.875, 18.25, 8.0625],
			"rotation": {"angle": 0, "axis": "y", "origin": [16, -1, 0]},
			"faces": {
				"north": {"uv": [6.5, 9, 6.625, 9.375], "texture": "#1"},
				"east": {"uv": [9, 6.5, 9.125, 6.875], "texture": "#1"},
				"south": {"uv": [7, 9, 7.125, 9.375], "texture": "#1"},
				"west": {"uv": [9, 7, 9.125, 7.375], "texture": "#1"},
				"up": {"uv": [5.125, 10.125, 5, 10], "texture": "#1"},
				"down": {"uv": [10.125, 5, 10, 5.125], "texture": "#1"}
			}
		},
		{
			"from": [8.5, 3.875, 7.9875],
			"to": [8.75, 16.875, 8.0125],
			"faces": {
				"north": {"uv": [4, 0, 4.125, 6.5], "texture": "#1"},
				"east": {"uv": [4.5, 0, 4.625, 6.5], "texture": "#1"},
				"south": {"uv": [5, 0, 5.125, 6.5], "texture": "#1"},
				"west": {"uv": [5.5, 0, 5.625, 6.5], "texture": "#1"},
				"up": {"uv": [5.625, 10.125, 5.5, 10], "texture": "#1"},
				"down": {"uv": [10.125, 5.5, 10, 5.625], "texture": "#1"}
			}
		},
		{
			"from": [7.25, 3.875, 7.9875],
			"to": [7.5, 16.875, 8.0125],
			"rotation": {"angle": 0, "axis": "y", "origin": [16, 0, 0]},
			"faces": {
				"north": {"uv": [6, 0, 6.125, 6.5], "texture": "#1"},
				"east": {"uv": [0, 6.5, 0.125, 13], "texture": "#1"},
				"south": {"uv": [6.5, 0, 6.625, 6.5], "texture": "#1"},
				"west": {"uv": [0.5, 6.5, 0.625, 13], "texture": "#1"},
				"up": {"uv": [6.125, 10.125, 6, 10], "texture": "#1"},
				"down": {"uv": [10.125, 6, 10, 6.125], "texture": "#1"}
			}
		},
		{
			"from": [7.375, 16.875, 7.9875],
			"to": [7.625, 17.5625, 8.0125],
			"rotation": {"angle": 0, "axis": "y", "origin": [7.125, 21, 8]},
			"faces": {
				"north": {"uv": [7.5, 9, 7.625, 9.375], "texture": "#1"},
				"east": {"uv": [9, 7.5, 9.125, 7.875], "texture": "#1"},
				"south": {"uv": [8, 9, 8.125, 9.375], "texture": "#1"},
				"west": {"uv": [9, 8, 9.125, 8.375], "texture": "#1"},
				"up": {"uv": [6.625, 10.125, 6.5, 10], "texture": "#1"},
				"down": {"uv": [10.125, 6.5, 10, 6.625], "texture": "#1"}
			}
		},
		{
			"from": [8.375, 16.875, 7.9875],
			"to": [8.625, 17.5625, 8.0125],
			"rotation": {"angle": 0, "axis": "y", "origin": [8.875, 21, 8]},
			"faces": {
				"north": {"uv": [8.5, 9, 8.625, 9.375], "texture": "#1"},
				"east": {"uv": [9, 8.5, 9.125, 8.875], "texture": "#1"},
				"south": {"uv": [9, 9, 9.125, 9.375], "texture": "#1"},
				"west": {"uv": [9.5, 0, 9.625, 0.375], "texture": "#1"},
				"up": {"uv": [7.125, 10.125, 7, 10], "texture": "#1"},
				"down": {"uv": [10.125, 7, 10, 7.125], "texture": "#1"}
			}
		}
	],
	"display": {
		"thirdperson_righthand": {
			"rotation": [0, 90, 0],
			"translation": [0, 8, 1.5],
			"scale": [1.5, 1.5, 1.5]
		},
		"thirdperson_lefthand": {
			"rotation": [0, 90, 0],
			"translation": [0, 8, 1.5],
			"scale": [1.5, 1.5, 1.5]
		},
		"firstperson_righthand": {
			"rotation": [-2, 96.25, 5.75],
			"translation": [-2.25, 6.5, 5.25],
			"scale": [0.6, 0.6, 0.6]
		},
		"firstperson_lefthand": {
			"rotation": [-2, 96.25, 5.75],
			"translation": [-2.25, 6.5, 5.25],
			"scale": [0.6, 0.6, 0.6]
		},
		"ground": {
			"translation": [0, 3.75, 0],
			"scale": [0.8, 0.8, 0.8]
		},
		"gui": {
			"rotation": [0, 0, -45],
			"translation": [-0.5, -0.25, 0]
		},
		"head": {
			"rotation": [19.75, 0, -180],
			"translation": [0, -19.25, 5.5],
			"scale": [2.3, 2.3, 2.3]
		},
		"fixed": {
			"rotation": [0, 0, 45],
			"translation": [1, -1, -0.25],
			"scale": [1.3, 1.3, 1.3]
		}
	},
	"groups": [
		{
			"name": "group",
			"origin": [8, 8, 8],
			"children": [
				{
					"name": "not blade",
					"origin": [0, 0, 0],
					"children": [0, 1, 2, 3, 4, 5, 6, 7, 8, 9, 10, 11, 12, 13, 14, 15, 16, 17, 18, 19, 20, 21]
				},
				{
					"name": "blade",
					"origin": [8.875, 21, 8],
					"children": [22, 23, 24, 25, 26, 27, 28, 29, 30, 31, 32, 33, 34, 35, 36, 37]
				}
			]
		}
	]
}