{
	"credit": "Made with Blockbench",
	"texture_size": [32, 32],
	"textures": {
		"1": "item/nautilus_shell"
	},
	"elements": [
		{
			"from": [7.5, 1, 7.5],
			"to": [8.5, 6, 8.5],
			"faces": {
				"north": {"uv": [1, 0, 1.5, 2.5], "texture": "#1"},
				"east": {"uv": [1.5, 0, 2, 2.5], "texture": "#1"},
				"south": {"uv": [2, 0, 2.5, 2.5], "texture": "#1"},
				"west": {"uv": [2.5, 0, 3, 2.5], "texture": "#1"},
				"up": {"uv": [7.5, 4.5, 7, 4], "texture": "#1"},
				"down": {"uv": [7.5, 4.5, 7, 5], "texture": "#1"}
			}
		},
		{
			"from": [7.375, 0.4375, 7.375],
			"to": [8.625, 1, 8.625],
			"faces": {
				"north": {"uv": [8, 4, 8.625, 4.25], "texture": "#1"},
				"east": {"uv": [8, 4.5, 8.625, 4.75], "texture": "#1"},
				"south": {"uv": [8, 5, 8.625, 5.25], "texture": "#1"},
				"west": {"uv": [8, 5.5, 8.625, 5.75], "texture": "#1"},
				"up": {"uv": [7.625, 2.625, 7, 2], "texture": "#1"},
				"down": {"uv": [7.625, 3, 7, 3.625], "texture": "#1"}
			}
		},
		{
			"from": [7.5, 0.1875, 7.5],
			"to": [8.5, 0.4375, 8.5],
			"rotation": {"angle": 0, "axis": "y", "origin": [0, 0.0125, 0]},
			"faces": {
				"north": {"uv": [8.5, 0.5, 9, 0.625], "texture": "#1"},
				"east": {"uv": [8.5, 1, 9, 1.125], "texture": "#1"},
				"south": {"uv": [8.5, 1.5, 9, 1.625], "texture": "#1"},
				"west": {"uv": [8.5, 2, 9, 2.125], "texture": "#1"},
				"up": {"uv": [7.5, 5.5, 7, 5], "texture": "#1"},
				"down": {"uv": [7.5, 5.5, 7, 6], "texture": "#1"}
			}
		},
		{
			"from": [6.5, 6, 7.5],
			"to": [9.5, 7, 8.5],
			"faces": {
				"north": {"uv": [7, 0, 8.5, 0.5], "texture": "#1"},
				"east": {"uv": [7, 6, 7.5, 6.5], "texture": "#1"},
				"south": {"uv": [7, 0.5, 8.5, 1], "texture": "#1"},
				"west": {"uv": [7, 6.5, 7.5, 7], "texture": "#1"},
				"up": {"uv": [8.5, 1.5, 7, 1], "texture": "#1"},
				"down": {"uv": [8.5, 1.5, 7, 2], "texture": "#1"}
			}
		},
		{
			"from": [7.5625, 7, 7.875],
			"to": [8.4375, 20, 8.125],
			"faces": {
				"north": {"uv": [0, 0, 0.5, 6.5], "texture": "#1"},
				"east": {"uv": [3, 0, 3.125, 6.5], "texture": "#1"},
				"south": {"uv": [0.5, 0, 1, 6.5], "texture": "#1"},
				"west": {"uv": [3.5, 0, 3.625, 6.5], "texture": "#1"},
				"up": {"uv": [9, 2.625, 8.5, 2.5], "texture": "#1"},
				"down": {"uv": [9, 3, 8.5, 3.125], "texture": "#1"}
			}
		},
		{
			"from": [7.5625, 20, 7.875],
			"to": [8.4375, 20.6875, 8.125],
			"rotation": {"angle": 0, "axis": "y", "origin": [0, -1, 0]},
			"faces": {
				"north": {"uv": [8, 3, 8.5, 3.375], "texture": "#1"},
				"east": {"uv": [8.5, 7.5, 8.625, 7.875], "texture": "#1"},
				"south": {"uv": [8, 3.5, 8.5, 3.875], "texture": "#1"},
				"west": {"uv": [8, 8.5, 8.125, 8.875], "texture": "#1"},
				"up": {"uv": [9, 3.625, 8.5, 3.5], "texture": "#1"},
				"down": {"uv": [9, 6, 8.5, 6.125], "texture": "#1"}
			}
		},
		{
			"from": [7.875, 7, 7.8625],
			"to": [8.125, 20.4375, 8.1375],
			"faces": {
				"north": {"uv": [1, 2.5, 1.125, 9.25], "texture": "#1"},
				"east": {"uv": [1.5, 2.5, 1.625, 9.25], "texture": "#1"},
				"south": {"uv": [2, 2.5, 2.125, 9.25], "texture": "#1"},
				"west": {"uv": [2.5, 2.5, 2.625, 9.25], "texture": "#1"},
				"up": {"uv": [9.125, 10.125, 9, 10], "texture": "#1"},
				"down": {"uv": [10.125, 9, 10, 9.125], "texture": "#1"}
			}
		},
		{
			"from": [8.4375, 7, 7.9375],
			"to": [8.75, 20, 8.0625],
			"faces": {
				"north": {"uv": [4, 0, 4.125, 6.5], "texture": "#1"},
				"east": {"uv": [4.5, 0, 4.625, 6.5], "texture": "#1"},
				"south": {"uv": [5, 0, 5.125, 6.5], "texture": "#1"},
				"west": {"uv": [5.5, 0, 5.625, 6.5], "texture": "#1"},
				"up": {"uv": [9.625, 10.125, 9.5, 10], "texture": "#1"},
				"down": {"uv": [10.125, 9.5, 10, 9.625], "texture": "#1"}
			}
		},
		{
			"from": [8.3125, 20, 7.9375],
			"to": [8.625, 20.6875, 8.0625],
			"rotation": {"angle": 0, "axis": "y", "origin": [0, -1, 0]},
			"faces": {
				"north": {"uv": [8.5, 8, 8.625, 8.375], "texture": "#1"},
				"east": {"uv": [8.5, 8.5, 8.625, 8.875], "texture": "#1"},
				"south": {"uv": [9, 0, 9.125, 0.375], "texture": "#1"},
				"west": {"uv": [9, 0.5, 9.125, 0.875], "texture": "#1"},
				"up": {"uv": [10.125, 10.125, 10, 10], "texture": "#1"},
				"down": {"uv": [10.625, 0, 10.5, 0.125], "texture": "#1"}
			}
		},
		{
			"from": [7.375, 20, 7.9375],
			"to": [7.6875, 20.6875, 8.0625],
			"rotation": {"angle": 0, "axis": "y", "origin": [16, -1, 0]},
			"faces": {
				"north": {"uv": [9, 1, 9.125, 1.375], "texture": "#1"},
				"east": {"uv": [9, 1.5, 9.125, 1.875], "texture": "#1"},
				"south": {"uv": [9, 2, 9.125, 2.375], "texture": "#1"},
				"west": {"uv": [9, 2.5, 9.125, 2.875], "texture": "#1"},
				"up": {"uv": [10.625, 0.625, 10.5, 0.5], "texture": "#1"},
				"down": {"uv": [1.125, 10.5, 1, 10.625], "texture": "#1"}
			}
		},
		{
			"from": [7.3125, 20.6875, 7.9875],
			"to": [7.4375, 21.375, 8.0125],
			"rotation": {"angle": 0, "axis": "y", "origin": [7.125, 21, 8]},
			"faces": {
				"north": {"uv": [9, 3, 9.125, 3.375], "texture": "#1"},
				"east": {"uv": [9, 3.5, 9.125, 3.875], "texture": "#1"},
				"south": {"uv": [9, 4, 9.125, 4.375], "texture": "#1"},
				"west": {"uv": [9, 4.5, 9.125, 4.875], "texture": "#1"},
				"up": {"uv": [10.625, 1.125, 10.5, 1], "texture": "#1"},
				"down": {"uv": [1.625, 10.5, 1.5, 10.625], "texture": "#1"}
			}
		},
		{
			"from": [8.5625, 20.6875, 7.9875],
			"to": [8.6875, 21.375, 8.0125],
			"rotation": {"angle": 0, "axis": "y", "origin": [8.875, 21, 8]},
			"faces": {
				"north": {"uv": [9, 5, 9.125, 5.375], "texture": "#1"},
				"east": {"uv": [9, 5.5, 9.125, 5.875], "texture": "#1"},
				"south": {"uv": [9, 6, 9.125, 6.375], "texture": "#1"},
				"west": {"uv": [9, 6.5, 9.125, 6.875], "texture": "#1"},
				"up": {"uv": [10.625, 1.625, 10.5, 1.5], "texture": "#1"},
				"down": {"uv": [2.125, 10.5, 2, 10.625], "texture": "#1"}
			}
		},
		{
			"from": [7.5, 21.375, 7.9875],
			"to": [7.5625, 22.0625, 8.0125],
			"rotation": {"angle": 0, "axis": "y", "origin": [7.1125, 21, 7.95]},
			"faces": {
				"north": {"uv": [7, 9, 7.125, 9.375], "texture": "#1"},
				"east": {"uv": [9, 7, 9.125, 7.375], "texture": "#1"},
				"south": {"uv": [7.5, 9, 7.625, 9.375], "texture": "#1"},
				"west": {"uv": [9, 7.5, 9.125, 7.875], "texture": "#1"},
				"up": {"uv": [10.625, 2.125, 10.5, 2], "texture": "#1"},
				"down": {"uv": [2.625, 10.5, 2.5, 10.625], "texture": "#1"}
			}
		},
		{
			"from": [7.5625, 21.375, 7.9375],
			"to": [7.6625, 22.0625, 8.0625],
			"rotation": {"angle": 0, "axis": "y", "origin": [16, -1, 0]},
			"faces": {
				"north": {"uv": [8, 9, 8.125, 9.375], "texture": "#1"},
				"east": {"uv": [9, 8, 9.125, 8.375], "texture": "#1"},
				"south": {"uv": [8.5, 9, 8.625, 9.375], "texture": "#1"},
				"west": {"uv": [9, 8.5, 9.125, 8.875], "texture": "#1"},
				"up": {"uv": [10.625, 2.625, 10.5, 2.5], "texture": "#1"},
				"down": {"uv": [10.625, 3, 10.5, 3.125], "texture": "#1"}
			}
		},
		{
			"from": [7.6625, 21.375, 7.875],
			"to": [8.325, 22.0625, 8.125],
			"rotation": {"angle": 0, "axis": "y", "origin": [0, -1, 0]},
			"faces": {
				"north": {"uv": [8, 6, 8.375, 6.375], "texture": "#1"},
				"east": {"uv": [9, 9, 9.125, 9.375], "texture": "#1"},
				"south": {"uv": [8, 6.5, 8.375, 6.875], "texture": "#1"},
				"west": {"uv": [9.5, 0, 9.625, 0.375], "texture": "#1"},
				"up": {"uv": [9.875, 0.625, 9.5, 0.5], "texture": "#1"},
				"down": {"uv": [1.375, 9.5, 1, 9.625], "texture": "#1"}
			}
		},
		{
			"from": [7.85, 22.0625, 7.9375],
			"to": [8.1375, 22.4375, 8.0625],
			"rotation": {"angle": 0, "axis": "y", "origin": [0, -1, 0]},
			"faces": {
				"north": {"uv": [1, 10, 1.125, 10.25], "texture": "#1"},
				"east": {"uv": [10, 1, 10.125, 1.25], "texture": "#1"},
				"south": {"uv": [1.5, 10, 1.625, 10.25], "texture": "#1"},
				"west": {"uv": [10, 1.5, 10.125, 1.75], "texture": "#1"},
				"up": {"uv": [10.625, 3.625, 10.5, 3.5], "texture": "#1"},
				"down": {"uv": [10.625, 4, 10.5, 4.125], "texture": "#1"}
			}
		},
		{
			"from": [8.325, 21.375, 7.9375],
			"to": [8.425, 22.0625, 8.0625],
			"rotation": {"angle": 0, "axis": "y", "origin": [0, -1, 0]},
			"faces": {
				"north": {"uv": [9.5, 1, 9.625, 1.375], "texture": "#1"},
				"east": {"uv": [1.5, 9.5, 1.625, 9.875], "texture": "#1"},
				"south": {"uv": [9.5, 1.5, 9.625, 1.875], "texture": "#1"},
				"west": {"uv": [2, 9.5, 2.125, 9.875], "texture": "#1"},
				"up": {"uv": [10.625, 4.625, 10.5, 4.5], "texture": "#1"},
				"down": {"uv": [10.625, 5, 10.5, 5.125], "texture": "#1"}
			}
		},
		{
			"from": [8.1375, 22.0625, 7.9375],
			"to": [8.2375, 22.4375, 8.0625],
			"rotation": {"angle": 0, "axis": "y", "origin": [0, -1, 0]},
			"faces": {
				"north": {"uv": [2, 10, 2.125, 10.25], "texture": "#1"},
				"east": {"uv": [10, 2, 10.125, 2.25], "texture": "#1"},
				"south": {"uv": [2.5, 10, 2.625, 10.25], "texture": "#1"},
				"west": {"uv": [10, 2.5, 10.125, 2.75], "texture": "#1"},
				"up": {"uv": [10.625, 5.625, 10.5, 5.5], "texture": "#1"},
				"down": {"uv": [10.625, 6, 10.5, 6.125], "texture": "#1"}
			}
		},
		{
			"from": [7.75, 22.0625, 7.9375],
			"to": [7.85, 22.4375, 8.0625],
			"rotation": {"angle": 0, "axis": "y", "origin": [15.9875, -1, 0]},
			"faces": {
				"north": {"uv": [10, 3, 10.125, 3.25], "texture": "#1"},
				"east": {"uv": [10, 3.5, 10.125, 3.75], "texture": "#1"},
				"south": {"uv": [10, 4, 10.125, 4.25], "texture": "#1"},
				"west": {"uv": [10, 4.5, 10.125, 4.75], "texture": "#1"},
				"up": {"uv": [10.625, 6.625, 10.5, 6.5], "texture": "#1"},
				"down": {"uv": [7.125, 10.5, 7, 10.625], "texture": "#1"}
			}
		},
		{
			"from": [8.425, 21.375, 7.9875],
			"to": [8.4875, 22.0625, 8.0125],
			"rotation": {"angle": 0, "axis": "y", "origin": [8.9625, 21, 7.9625]},
			"faces": {
				"north": {"uv": [9.5, 2, 9.625, 2.375], "texture": "#1"},
				"east": {"uv": [2.5, 9.5, 2.625, 9.875], "texture": "#1"},
				"south": {"uv": [9.5, 2.5, 9.625, 2.875], "texture": "#1"},
				"west": {"uv": [9.5, 3, 9.625, 3.375], "texture": "#1"},
				"up": {"uv": [10.625, 7.125, 10.5, 7], "texture": "#1"},
				"down": {"uv": [7.625, 10.5, 7.5, 10.625], "texture": "#1"}
			}
		},
		{
			"from": [8.2375, 22.0625, 7.9875],
			"to": [8.275, 22.4375, 8.0125],
			"rotation": {"angle": 0, "axis": "y", "origin": [8.9625, 21, 7.9625]},
			"faces": {
				"north": {"uv": [10, 5, 10.125, 5.25], "texture": "#1"},
				"east": {"uv": [10, 5.5, 10.125, 5.75], "texture": "#1"},
				"south": {"uv": [10, 6, 10.125, 6.25], "texture": "#1"},
				"west": {"uv": [10, 6.5, 10.125, 6.75], "texture": "#1"},
				"up": {"uv": [10.625, 7.625, 10.5, 7.5], "texture": "#1"},
				"down": {"uv": [8.125, 10.5, 8, 10.625], "texture": "#1"}
			}
		},
		{
			"from": [7.8875, 22.4375, 7.9625],
			"to": [8.1, 22.75, 8.0375],
			"rotation": {"angle": 0, "axis": "y", "origin": [8.956, 21, 7.9875]},
			"faces": {
				"north": {"uv": [10.5, 8, 10.625, 8.125], "texture": "#1"},
				"east": {"uv": [8.5, 10.5, 8.625, 10.625], "texture": "#1"},
				"south": {"uv": [10.5, 8.5, 10.625, 8.625], "texture": "#1"},
				"west": {"uv": [9, 10.5, 9.125, 10.625], "texture": "#1"},
				"up": {"uv": [10.625, 9.125, 10.5, 9], "texture": "#1"},
				"down": {"uv": [9.625, 10.5, 9.5, 10.625], "texture": "#1"}
			}
		},
		{
			"from": [7.9125, 22.5625, 7.9875],
			"to": [8.075, 22.8125, 8.0125],
			"rotation": {"angle": 0, "axis": "y", "origin": [8.9625, 21, 7.9625]},
			"faces": {
				"north": {"uv": [10.5, 9.5, 10.625, 9.625], "texture": "#1"},
				"east": {"uv": [10, 10.5, 10.125, 10.625], "texture": "#1"},
				"south": {"uv": [10.5, 10, 10.625, 10.125], "texture": "#1"},
				"west": {"uv": [10.5, 10.5, 10.625, 10.625], "texture": "#1"},
				"up": {"uv": [11.125, 0.125, 11, 0], "texture": "#1"},
				"down": {"uv": [11.125, 0.5, 11, 0.625], "texture": "#1"}
			}
		},
		{
			"from": [7.85, 22.4375, 7.9875],
			"to": [7.8875, 22.75, 8.0125],
			"rotation": {"angle": 0, "axis": "y", "origin": [8.969, 21, 7.9875]},
			"faces": {
				"north": {"uv": [1, 11, 1.125, 11.125], "texture": "#1"},
				"east": {"uv": [11, 1, 11.125, 1.125], "texture": "#1"},
				"south": {"uv": [1.5, 11, 1.625, 11.125], "texture": "#1"},
				"west": {"uv": [11, 1.5, 11.125, 1.625], "texture": "#1"},
				"up": {"uv": [2.125, 11.125, 2, 11], "texture": "#1"},
				"down": {"uv": [11.125, 2, 11, 2.125], "texture": "#1"}
			}
		},
		{
			"from": [8.1, 22.4375, 7.9875],
			"to": [8.1375, 22.75, 8.0125],
			"rotation": {"angle": 0, "axis": "y", "origin": [7.025, 21, 7.9625]},
			"faces": {
				"north": {"uv": [2.5, 11, 2.625, 11.125], "texture": "#1"},
				"east": {"uv": [11, 2.5, 11.125, 2.625], "texture": "#1"},
				"south": {"uv": [11, 3, 11.125, 3.125], "texture": "#1"},
				"west": {"uv": [11, 3.5, 11.125, 3.625], "texture": "#1"},
				"up": {"uv": [11.125, 4.125, 11, 4], "texture": "#1"},
				"down": {"uv": [11.125, 4.5, 11, 4.625], "texture": "#1"}
			}
		},
		{
			"from": [7.7125, 22.0625, 7.9875],
			"to": [7.75, 22.4375, 8.0125],
			"rotation": {"angle": 0, "axis": "y", "origin": [7.025, 21, 7.9125]},
			"faces": {
				"north": {"uv": [7, 10, 7.125, 10.25], "texture": "#1"},
				"east": {"uv": [10, 7, 10.125, 7.25], "texture": "#1"},
				"south": {"uv": [7.5, 10, 7.625, 10.25], "texture": "#1"},
				"west": {"uv": [10, 7.5, 10.125, 7.75], "texture": "#1"},
				"up": {"uv": [11.125, 5.125, 11, 5], "texture": "#1"},
				"down": {"uv": [11.125, 5.5, 11, 5.625], "texture": "#1"}
			}
		},
		{
			"from": [8.375, 20.6875, 7.9375],
			"to": [8.5625, 21.375, 8.0625],
			"rotation": {"angle": 0, "axis": "y", "origin": [0, -1, 0]},
			"faces": {
				"north": {"uv": [9.5, 3.5, 9.625, 3.875], "texture": "#1"},
				"east": {"uv": [9.5, 4, 9.625, 4.375], "texture": "#1"},
				"south": {"uv": [9.5, 4.5, 9.625, 4.875], "texture": "#1"},
				"west": {"uv": [9.5, 5, 9.625, 5.375], "texture": "#1"},
				"up": {"uv": [11.125, 6.125, 11, 6], "texture": "#1"},
				"down": {"uv": [11.125, 6.5, 11, 6.625], "texture": "#1"}
			}
		},
		{
			"from": [7.625, 20.6875, 7.875],
			"to": [8.375, 21.375, 8.125],
			"rotation": {"angle": 0, "axis": "y", "origin": [0, -1, 0]},
			"faces": {
				"north": {"uv": [7, 8, 7.375, 8.375], "texture": "#1"},
				"east": {"uv": [9.5, 5.5, 9.625, 5.875], "texture": "#1"},
				"south": {"uv": [8, 7, 8.375, 7.375], "texture": "#1"},
				"west": {"uv": [9.5, 6, 9.625, 6.375], "texture": "#1"},
				"up": {"uv": [9.875, 6.625, 9.5, 6.5], "texture": "#1"},
				"down": {"uv": [7.375, 9.5, 7, 9.625], "texture": "#1"}
			}
		},
		{
			"from": [7.4375, 20.6875, 7.9375],
			"to": [7.625, 21.375, 8.0625],
			"rotation": {"angle": 0, "axis": "y", "origin": [16, -1, 0]},
			"faces": {
				"north": {"uv": [9.5, 7, 9.625, 7.375], "texture": "#1"},
				"east": {"uv": [7.5, 9.5, 7.625, 9.875], "texture": "#1"},
				"south": {"uv": [9.5, 7.5, 9.625, 7.875], "texture": "#1"},
				"west": {"uv": [8, 9.5, 8.125, 9.875], "texture": "#1"},
				"up": {"uv": [7.125, 11.125, 7, 11], "texture": "#1"},
				"down": {"uv": [11.125, 7, 11, 7.125], "texture": "#1"}
			}
		},
		{
			"from": [8.75, 7, 7.9875],
			"to": [9, 20, 8.0125],
			"faces": {
				"north": {"uv": [6, 0, 6.125, 6.5], "texture": "#1"},
				"east": {"uv": [0, 6.5, 0.125, 13], "texture": "#1"},
				"south": {"uv": [6.5, 0, 6.625, 6.5], "texture": "#1"},
				"west": {"uv": [0.5, 6.5, 0.625, 13], "texture": "#1"},
				"up": {"uv": [7.625, 11.125, 7.5, 11], "texture": "#1"},
				"down": {"uv": [11.125, 7.5, 11, 7.625], "texture": "#1"}
			}
		},
		{
			"from": [7, 7, 7.9875],
			"to": [7.25, 20, 8.0125],
			"rotation": {"angle": 0, "axis": "y", "origin": [16, 0, 0]},
			"faces": {
				"north": {"uv": [3, 6.5, 3.125, 13], "texture": "#1"},
				"east": {"uv": [3.5, 6.5, 3.625, 13], "texture": "#1"},
				"south": {"uv": [4, 6.5, 4.125, 13], "texture": "#1"},
				"west": {"uv": [4.5, 6.5, 4.625, 13], "texture": "#1"},
				"up": {"uv": [8.125, 11.125, 8, 11], "texture": "#1"},
				"down": {"uv": [11.125, 8, 11, 8.125], "texture": "#1"}
			}
		},
		{
			"from": [7.125, 20, 7.9875],
			"to": [7.375, 20.6875, 8.0125],
			"rotation": {"angle": 0, "axis": "y", "origin": [7.125, 21, 8]},
			"faces": {
				"north": {"uv": [9.5, 8, 9.625, 8.375], "texture": "#1"},
				"east": {"uv": [8.5, 9.5, 8.625, 9.875], "texture": "#1"},
				"south": {"uv": [9.5, 8.5, 9.625, 8.875], "texture": "#1"},
				"west": {"uv": [9, 9.5, 9.125, 9.875], "texture": "#1"},
				"up": {"uv": [8.625, 11.125, 8.5, 11], "texture": "#1"},
				"down": {"uv": [11.125, 8.5, 11, 8.625], "texture": "#1"}
			}
		},
		{
			"from": [8.625, 20, 7.9875],
			"to": [8.875, 20.6875, 8.0125],
			"rotation": {"angle": 0, "axis": "y", "origin": [8.875, 21, 8]},
			"faces": {
				"north": {"uv": [9.5, 9, 9.625, 9.375], "texture": "#1"},
				"east": {"uv": [9.5, 9.5, 9.625, 9.875], "texture": "#1"},
				"south": {"uv": [10, 0, 10.125, 0.375], "texture": "#1"},
				"west": {"uv": [10, 0.5, 10.125, 0.875], "texture": "#1"},
				"up": {"uv": [9.125, 11.125, 9, 11], "texture": "#1"},
				"down": {"uv": [11.125, 9, 11, 9.125], "texture": "#1"}
			}
		},
		{
			"from": [7.25, 7, 7.9375],
			"to": [7.5625, 20, 8.0625],
			"rotation": {"angle": 0, "axis": "y", "origin": [16, 0, 0]},
			"faces": {
				"north": {"uv": [5, 6.5, 5.125, 13], "texture": "#1"},
				"east": {"uv": [5.5, 6.5, 5.625, 13], "texture": "#1"},
				"south": {"uv": [6, 6.5, 6.125, 13], "texture": "#1"},
				"west": {"uv": [6.5, 6.5, 6.625, 13], "texture": "#1"},
				"up": {"uv": [9.625, 11.125, 9.5, 11], "texture": "#1"},
				"down": {"uv": [11.125, 9.5, 11, 9.625], "texture": "#1"}
			}
		},
		{
			"from": [9.5, 6.5, 7.5],
			"to": [10.5, 7.5, 8.5],
			"faces": {
				"north": {"uv": [7, 7, 7.5, 7.5], "texture": "#1"},
				"east": {"uv": [7.5, 4, 8, 4.5], "texture": "#1"},
				"south": {"uv": [7.5, 4.5, 8, 5], "texture": "#1"},
				"west": {"uv": [7.5, 5, 8, 5.5], "texture": "#1"},
				"up": {"uv": [8, 6, 7.5, 5.5], "texture": "#1"},
				"down": {"uv": [8, 6, 7.5, 6.5], "texture": "#1"}
			}
		},
		{
			"from": [5.5, 6.5, 7.5],
			"to": [6.5, 7.5, 8.5],
			"faces": {
				"north": {"uv": [7.5, 6.5, 8, 7], "texture": "#1"},
				"east": {"uv": [7, 7.5, 7.5, 8], "texture": "#1"},
				"south": {"uv": [7.5, 7, 8, 7.5], "texture": "#1"},
				"west": {"uv": [7.5, 7.5, 8, 8], "texture": "#1"},
				"up": {"uv": [8.5, 2.5, 8, 2], "texture": "#1"},
				"down": {"uv": [8.5, 2.5, 8, 3], "texture": "#1"}
			}
		},
		{
			"from": [5, 7.25, 7.5],
			"to": [5.5, 7.5, 8.5],
			"faces": {
				"north": {"uv": [8, 10, 8.25, 10.125], "texture": "#1"},
				"east": {"uv": [8.5, 6.5, 9, 6.625], "texture": "#1"},
				"south": {"uv": [10, 8, 10.25, 8.125], "texture": "#1"},
				"west": {"uv": [7, 8.5, 7.5, 8.625], "texture": "#1"},
				"up": {"uv": [7.75, 8.5, 7.5, 8], "texture": "#1"},
				"down": {"uv": [8.25, 7.5, 8, 8], "texture": "#1"}
			}
		},
		{
			"from": [10.5, 7.25, 7.5],
			"to": [11, 7.5, 8.5],
			"faces": {
				"north": {"uv": [8.5, 10, 8.75, 10.125], "texture": "#1"},
				"east": {"uv": [8.5, 7, 9, 7.125], "texture": "#1"},
				"south": {"uv": [10, 8.5, 10.25, 8.625], "texture": "#1"},
				"west": {"uv": [7.5, 8.5, 8, 8.625], "texture": "#1"},
				"up": {"uv": [8.25, 8.5, 8, 8], "texture": "#1"},
				"down": {"uv": [8.75, 0, 8.5, 0.5], "texture": "#1"}
			}
		}
	],
	"display": {
		"thirdperson_righthand": {
			"rotation": [0, 90, 0],
			"translation": [0, 4, 1.25],
			"scale": [1.3, 1.3, 1.3]
		},
		"thirdperson_lefthand": {
			"rotation": [0, 90, 0],
			"translation": [0, 4, 1.25],
			"scale": [1.3, 1.3, 1.3]
		},
		"firstperson_righthand": {
			"rotation": [-1.5, 96.75, 6.25],
			"translation": [1.25, 2.25, 0.75],
			"scale": [0.9, 0.9, 0.9]
		},
		"firstperson_lefthand": {
			"rotation": [-1.5, 96.75, 6.25],
			"translation": [1.25, 2.25, 0.75],
			"scale": [0.9, 0.9, 0.9]
		},
		"ground": {
			"translation": [0, 4.25, 0],
			"scale": [0.9, 0.9, 0.9]
		},
		"gui": {
			"rotation": [0, 0, -45],
			"translation": [-2, -1.75, 0],
			"scale": [0.9, 0.9, 0.9]
		},
		"head": {
			"rotation": [-158.25, 0, 0],
			"translation": [0, -15.75, 6.25],
			"scale": [2, 2, 2]
		},
		"fixed": {
			"rotation": [0, 0, 45],
			"translation": [2.5, -2.5, -0.25],
			"scale": [1.1, 1.1, 1.1]
		}
	},
	"groups": [
		{
			"name": "group",
			"origin": [0, 0, 0],
			"children": [0, 1, 2, 3, 4, 5, 6, 7, 8, 9, 10, 11, 12, 13, 14, 15, 16, 17, 18, 19, 20, 21, 22, 23, 24, 25, 26, 27, 28, 29, 30, 31, 32, 33, 34, 35, 36, 37]
		}
	]
}