{
	"credit": "Made with Blockbench",
	"texture_size": [32, 32],
	"textures": {
		"1": "item/nether_star"
	},
	"elements": [
		{
			"from": [8.125, 1.5, 7.8125],
			"to": [8.375, 6.75, 8.1875],
			"faces": {
				"north": {"uv": [7.5, 1, 7.625, 3.625], "texture": "#1"},
				"east": {"uv": [1, 7, 1.25, 9.625], "texture": "#1"},
				"south": {"uv": [6.5, 7.5, 6.625, 10.125], "texture": "#1"},
				"west": {"uv": [7, 1, 7.25, 3.625], "texture": "#1"},
				"up": {"uv": [1.625, 10.75, 1.5, 10.5], "texture": "#1"},
				"down": {"uv": [10.625, 1.5, 10.5, 1.75], "texture": "#1"}
			}
		},
		{
			"from": [7.625, 1.5, 7.8125],
			"to": [7.875, 6.75, 8.1875],
			"faces": {
				"north": {"uv": [7, 7.5, 7.125, 10.125], "texture": "#1"},
				"east": {"uv": [1.5, 7, 1.75, 9.625], "texture": "#1"},
				"south": {"uv": [7.5, 7.5, 7.625, 10.125], "texture": "#1"},
				"west": {"uv": [2, 7, 2.25, 9.625], "texture": "#1"},
				"up": {"uv": [2.125, 10.75, 2, 10.5], "texture": "#1"},
				"down": {"uv": [10.625, 2, 10.5, 2.25], "texture": "#1"}
			}
		},
		{
			"from": [7.8125, 1.5, 8.125],
			"to": [8.1875, 6.75, 8.375],
			"rotation": {"angle": 0, "axis": "y", "origin": [8, 4.25, 8.25]},
			"faces": {
				"north": {"uv": [2.5, 7, 2.75, 9.625], "texture": "#1"},
				"east": {"uv": [8, 1, 8.125, 3.625], "texture": "#1"},
				"south": {"uv": [5, 7, 5.25, 9.625], "texture": "#1"},
				"west": {"uv": [8, 7.5, 8.125, 10.125], "texture": "#1"},
				"up": {"uv": [2.75, 10.625, 2.5, 10.5], "texture": "#1"},
				"down": {"uv": [10.75, 2.5, 10.5, 2.625], "texture": "#1"}
			}
		},
		{
			"from": [7.8125, 1.5, 7.625],
			"to": [8.1875, 6.75, 7.8125],
			"rotation": {"angle": 0, "axis": "y", "origin": [8, 4.25, 8.25]},
			"faces": {
				"north": {"uv": [5.5, 7, 5.75, 9.625], "texture": "#1"},
				"east": {"uv": [8.5, 0, 8.625, 2.625], "texture": "#1"},
				"south": {"uv": [6, 7, 6.25, 9.625], "texture": "#1"},
				"west": {"uv": [8.5, 3, 8.625, 5.625], "texture": "#1"},
				"up": {"uv": [10.75, 3.125, 10.5, 3], "texture": "#1"},
				"down": {"uv": [10.75, 4.5, 10.5, 4.625], "texture": "#1"}
			}
		},
		{
			"from": [6.5, 6.75, 7.5],
			"to": [9.5, 7.8125, 8.5],
			"rotation": {"angle": 0, "axis": "y", "origin": [8, 7.5, 8]},
			"faces": {
				"north": {"uv": [5, 6.5, 6.5, 7], "texture": "#1"},
				"east": {"uv": [8, 4, 8.5, 4.5], "texture": "#1"},
				"south": {"uv": [6.5, 6.5, 8, 7], "texture": "#1"},
				"west": {"uv": [8, 4.5, 8.5, 5], "texture": "#1"},
				"up": {"uv": [8.5, 0.5, 7, 0], "texture": "#1"},
				"down": {"uv": [8.5, 0.5, 7, 1], "texture": "#1"}
			}
		},
		{
			"from": [6.9999, 7.9999, 7.7499],
			"to": [9.0001, 9.0001, 8.2501],
			"rotation": {"angle": 0, "axis": "y", "origin": [8, 7.5, 8]},
			"faces": {
				"north": {"uv": [7, 4, 8, 4.5], "texture": "#1"},
				"east": {"uv": [9.5, 6, 9.75, 6.5], "texture": "#1"},
				"south": {"uv": [7, 4.5, 8, 5], "texture": "#1"},
				"west": {"uv": [9.5, 6.5, 9.75, 7], "texture": "#1"},
				"up": {"uv": [9.5, 7.75, 8.5, 7.5], "texture": "#1"},
				"down": {"uv": [9.5, 8, 8.5, 8.25], "texture": "#1"}
			}
		},
		{
			"from": [6.8749, 7.8124, 7.6874],
			"to": [9.1251, 8.2501, 8.3126],
			"rotation": {"angle": 0, "axis": "y", "origin": [8, 7.5, 8]},
			"faces": {
				"north": {"uv": [8, 6.5, 9.125, 6.75], "texture": "#1"},
				"east": {"uv": [2.5, 10, 2.875, 10.25], "texture": "#1"},
				"south": {"uv": [8.5, 7, 9.625, 7.25], "texture": "#1"},
				"west": {"uv": [10, 2.5, 10.375, 2.75], "texture": "#1"},
				"up": {"uv": [8.125, 5.375, 7, 5], "texture": "#1"},
				"down": {"uv": [8.125, 5.5, 7, 5.875], "texture": "#1"}
			}
		},
		{
			"from": [5.75, 7, 7.5],
			"to": [6.5, 7.5, 8.5],
			"rotation": {"angle": 0, "axis": "y", "origin": [8, 7.5, 8]},
			"faces": {
				"north": {"uv": [10, 3, 10.375, 3.25], "texture": "#1"},
				"east": {"uv": [8.5, 9.5, 9, 9.75], "texture": "#1"},
				"south": {"uv": [10, 4.5, 10.375, 4.75], "texture": "#1"},
				"west": {"uv": [9, 9.5, 9.5, 9.75], "texture": "#1"},
				"up": {"uv": [9.375, 5, 9, 4.5], "texture": "#1"},
				"down": {"uv": [9.375, 5, 9, 5.5], "texture": "#1"}
			}
		},
		{
			"from": [9.5, 6.75, 7.5],
			"to": [10.5, 7.5, 8.5],
			"rotation": {"angle": 0, "axis": "y", "origin": [8, 7.5, 8]},
			"faces": {
				"north": {"uv": [9, 5.5, 9.5, 5.875], "texture": "#1"},
				"east": {"uv": [9, 6, 9.5, 6.375], "texture": "#1"},
				"south": {"uv": [8.5, 9, 9, 9.375], "texture": "#1"},
				"west": {"uv": [9, 8.5, 9.5, 8.875], "texture": "#1"},
				"up": {"uv": [9, 9, 8.5, 8.5], "texture": "#1"},
				"down": {"uv": [9.5, 0, 9, 0.5], "texture": "#1"}
			}
		},
		{
			"from": [10.125, 6.25, 7.5],
			"to": [10.875, 6.75, 8.5],
			"rotation": {"angle": 0, "axis": "y", "origin": [8, 7.5, 8]},
			"faces": {
				"north": {"uv": [5, 10, 5.375, 10.25], "texture": "#1"},
				"east": {"uv": [9.5, 9, 10, 9.25], "texture": "#1"},
				"south": {"uv": [10, 5, 10.375, 5.25], "texture": "#1"},
				"west": {"uv": [9.5, 9.5, 10, 9.75], "texture": "#1"},
				"up": {"uv": [9.375, 9.5, 9, 9], "texture": "#1"},
				"down": {"uv": [9.875, 0, 9.5, 0.5], "texture": "#1"}
			}
		},
		{
			"from": [7.5625, 0.75, 7.5625],
			"to": [8.4375, 1.1875, 8.4375],
			"faces": {
				"north": {"uv": [10, 0, 10.5, 0.25], "texture": "#1"},
				"east": {"uv": [10, 0.5, 10.5, 0.75], "texture": "#1"},
				"south": {"uv": [1, 10, 1.5, 10.25], "texture": "#1"},
				"west": {"uv": [10, 1, 10.5, 1.25], "texture": "#1"},
				"up": {"uv": [9.5, 1, 9, 0.5], "texture": "#1"},
				"down": {"uv": [9.5, 1, 9, 1.5], "texture": "#1"}
			}
		},
		{
			"from": [7.5, 1.1875, 7.5],
			"to": [8.5, 1.5, 8.5],
			"faces": {
				"north": {"uv": [10, 7, 10.5, 7.125], "texture": "#1"},
				"east": {"uv": [10, 7.5, 10.5, 7.625], "texture": "#1"},
				"south": {"uv": [10, 8, 10.5, 8.125], "texture": "#1"},
				"west": {"uv": [8.5, 10, 9, 10.125], "texture": "#1"},
				"up": {"uv": [9.5, 2, 9, 1.5], "texture": "#1"},
				"down": {"uv": [9.5, 2, 9, 2.5], "texture": "#1"}
			}
		},
		{
			"from": [7.5, 0.4375, 7.5],
			"to": [8.5, 0.75, 8.5],
			"faces": {
				"north": {"uv": [10, 8.5, 10.5, 8.625], "texture": "#1"},
				"east": {"uv": [9, 10, 9.5, 10.125], "texture": "#1"},
				"south": {"uv": [10, 9, 10.5, 9.125], "texture": "#1"},
				"west": {"uv": [9.5, 10, 10, 10.125], "texture": "#1"},
				"up": {"uv": [9.5, 3, 9, 2.5], "texture": "#1"},
				"down": {"uv": [9.5, 3, 9, 3.5], "texture": "#1"}
			}
		},
		{
			"from": [7.25, 9, 7.9375],
			"to": [7.5625, 22, 8.0625],
			"rotation": {"angle": 0, "axis": "y", "origin": [16, 0, 0]},
			"faces": {
				"north": {"uv": [3, 0, 3.125, 6.5], "texture": "#1"},
				"east": {"uv": [3.5, 0, 3.625, 6.5], "texture": "#1"},
				"south": {"uv": [4, 0, 4.125, 6.5], "texture": "#1"},
				"west": {"uv": [4.5, 0, 4.625, 6.5], "texture": "#1"},
				"up": {"uv": [10.625, 7.125, 10.5, 7], "texture": "#1"},
				"down": {"uv": [7.625, 10.5, 7.5, 10.625], "texture": "#1"}
			}
		},
		{
			"from": [7.5625, 9, 7.875],
			"to": [8.4375, 22, 8.125],
			"faces": {
				"north": {"uv": [0, 0, 0.5, 6.5], "texture": "#1"},
				"east": {"uv": [5, 0, 5.125, 6.5], "texture": "#1"},
				"south": {"uv": [0.5, 0, 1, 6.5], "texture": "#1"},
				"west": {"uv": [5.5, 0, 5.625, 6.5], "texture": "#1"},
				"up": {"uv": [10.5, 9.625, 10, 9.5], "texture": "#1"},
				"down": {"uv": [10.5, 10, 10, 10.125], "texture": "#1"}
			}
		},
		{
			"from": [7.875, 9, 7.8375],
			"to": [8.125, 11.5, 8.1625],
			"faces": {
				"north": {"uv": [9.5, 0.5, 9.625, 1.75], "texture": "#1"},
				"east": {"uv": [9.5, 2, 9.625, 3.25], "texture": "#1"},
				"south": {"uv": [9.5, 4.5, 9.625, 5.75], "texture": "#1"},
				"west": {"uv": [9.5, 7.5, 9.625, 8.75], "texture": "#1"},
				"up": {"uv": [10.625, 7.625, 10.5, 7.5], "texture": "#1"},
				"down": {"uv": [8.125, 10.5, 8, 10.625], "texture": "#1"}
			}
		},
		{
			"from": [8.4375, 9, 7.9375],
			"to": [8.75, 22, 8.0625],
			"faces": {
				"north": {"uv": [6, 0, 6.125, 6.5], "texture": "#1"},
				"east": {"uv": [0, 6.5, 0.125, 13], "texture": "#1"},
				"south": {"uv": [6.5, 0, 6.625, 6.5], "texture": "#1"},
				"west": {"uv": [0.5, 6.5, 0.625, 13], "texture": "#1"},
				"up": {"uv": [10.625, 8.125, 10.5, 8], "texture": "#1"},
				"down": {"uv": [8.625, 10.5, 8.5, 10.625], "texture": "#1"}
			}
		},
		{
			"from": [7.24983, 22.00268, 7.9377],
			"to": [8.74943, 22.13978, 8.0623],
			"rotation": {"angle": 0, "axis": "z", "origin": [2.49963, 22.20873, 8.05]},
			"faces": {
				"north": {"uv": [5.5, 10, 6.25, 10.125], "texture": "#1"},
				"east": {"uv": [10.5, 8.5, 10.625, 8.625], "texture": "#1"},
				"south": {"uv": [10, 5.5, 10.75, 5.625], "texture": "#1"},
				"west": {"uv": [9, 10.5, 9.125, 10.625], "texture": "#1"},
				"up": {"uv": [10.75, 6.125, 10, 6], "texture": "#1"},
				"down": {"uv": [10.75, 6.5, 10, 6.625], "texture": "#1"}
			}
		},
		{
			"from": [8.75, 9, 7.9875],
			"to": [9, 23.036, 8.0125],
			"faces": {
				"north": {"uv": [1, 0, 1.125, 7], "texture": "#1"},
				"east": {"uv": [1.5, 0, 1.625, 7], "texture": "#1"},
				"south": {"uv": [2, 0, 2.125, 7], "texture": "#1"},
				"west": {"uv": [2.5, 0, 2.625, 7], "texture": "#1"},
				"up": {"uv": [10.625, 9.125, 10.5, 9], "texture": "#1"},
				"down": {"uv": [9.625, 10.5, 9.5, 10.625], "texture": "#1"}
			}
		},
		{
			"from": [7, 9, 7.9875],
			"to": [7.25, 22, 8.0125],
			"rotation": {"angle": 0, "axis": "y", "origin": [16, 0, 0]},
			"faces": {
				"north": {"uv": [3, 6.5, 3.125, 13], "texture": "#1"},
				"east": {"uv": [3.5, 6.5, 3.625, 13], "texture": "#1"},
				"south": {"uv": [4, 6.5, 4.125, 13], "texture": "#1"},
				"west": {"uv": [4.5, 6.5, 4.625, 13], "texture": "#1"},
				"up": {"uv": [10.625, 9.625, 10.5, 9.5], "texture": "#1"},
				"down": {"uv": [10.125, 10.5, 10, 10.625], "texture": "#1"}
			}
		},
		{
			"from": [7.72483, 22.14018, 7.9877],
			"to": [8.74943, 22.56478, 8.0123],
			"rotation": {"angle": 0, "axis": "z", "origin": [6.77463, 21.88998, 7.95]},
			"faces": {
				"north": {"uv": [1.5, 10, 2, 10.25], "texture": "#1"},
				"east": {"uv": [5, 10.5, 5.125, 10.75], "texture": "#1"},
				"south": {"uv": [10, 1.5, 10.5, 1.75], "texture": "#1"},
				"west": {"uv": [10.5, 5, 10.625, 5.25], "texture": "#1"},
				"up": {"uv": [11, 0.125, 10.5, 0], "texture": "#1"},
				"down": {"uv": [11, 0.5, 10.5, 0.625], "texture": "#1"}
			}
		},
		{
			"from": [5.97895, 21.40099, 7.9877],
			"to": [7.05355, 21.86309, 8.0123],
			"rotation": {"angle": 0, "axis": "y", "origin": [6.40375, 21.71329, 7.95]},
			"faces": {
				"north": {"uv": [2, 10, 2.5, 10.25], "texture": "#1"},
				"east": {"uv": [5.5, 10.5, 5.625, 10.75], "texture": "#1"},
				"south": {"uv": [10, 2, 10.5, 2.25], "texture": "#1"},
				"west": {"uv": [6, 10.5, 6.125, 10.75], "texture": "#1"},
				"up": {"uv": [1.5, 10.625, 1, 10.5], "texture": "#1"},
				"down": {"uv": [11, 1, 10.5, 1.125], "texture": "#1"}
			}
		},
		{
			"from": [5.79638, 22.06824, 7.9876],
			"to": [8.98318, 22.51804, 8.0124],
			"rotation": {"angle": 22.5, "axis": "z", "origin": [7.56503, 22.19314, 8]},
			"faces": {
				"north": {"uv": [7, 6, 8.625, 6.25], "texture": "#1"},
				"east": {"uv": [6.5, 10.5, 6.625, 10.75], "texture": "#1"},
				"south": {"uv": [6.5, 7, 8.125, 7.25], "texture": "#1"},
				"west": {"uv": [7, 10.5, 7.125, 10.75], "texture": "#1"},
				"up": {"uv": [10.625, 3.625, 9, 3.5], "texture": "#1"},
				"down": {"uv": [10.625, 4, 9, 4.125], "texture": "#1"}
			}
		},
		{
			"from": [6.89518, 22.04043, 7.9877],
			"to": [7.24478, 22.11503, 8.0123],
			"rotation": {"angle": 0, "axis": "z", "origin": [6.43248, 22.26523, 8]},
			"faces": {
				"north": {"uv": [10.5, 10, 10.625, 10.125], "texture": "#1"},
				"east": {"uv": [10.5, 10.5, 10.625, 10.625], "texture": "#1"},
				"south": {"uv": [11, 0, 11.125, 0.125], "texture": "#1"},
				"west": {"uv": [11, 0.5, 11.125, 0.625], "texture": "#1"},
				"up": {"uv": [1.125, 11.125, 1, 11], "texture": "#1"},
				"down": {"uv": [11.125, 1, 11, 1.125], "texture": "#1"}
			}
		}
	],
	"display": {
		"thirdperson_righthand": {
			"rotation": [0, 90, 0],
			"translation": [0, 2.5, 1.25],
			"scale": [1.3, 1.3, 1.3]
		},
		"thirdperson_lefthand": {
			"rotation": [0, -90, 0],
			"translation": [0, 2.5, 1.25],
			"scale": [1.3, 1.3, 1.3]
		},
		"firstperson_righthand": {
			"rotation": [0, 96.75, 4.25],
			"translation": [1.25, 1.25, 0]
		},
		"firstperson_lefthand": {
			"rotation": [0, 266.75, -4.5],
			"translation": [1.75, 1.25, 0]
		},
		"ground": {
			"translation": [0, 2.25, 0],
			"scale": [0.7, 0.7, 0.7]
		},
		"gui": {
			"rotation": [0, 0, -45],
			"translation": [-3, -2.5, 0],
			"scale": [0.9, 0.9, 0.9]
		},
		"head": {
			"rotation": [19.75, 0, -180],
			"translation": [0, -14.5, 6.75],
			"scale": [2, 2, 2]
		},
		"fixed": {
			"rotation": [0, -180, -45],
			"translation": [3, -3.25, -0.25],
			"scale": [1.1, 1.1, 1.1]
		}
	},
	"groups": [
		{
			"name": "group",
			"origin": [0, 0, 0],
			"children": [
				{
					"name": "handle",
					"origin": [0, 0, 0],
					"children": [0, 1, 2, 3, 4, 5, 6, 7, 8, 9, 10, 11, 12]
				},
				{
					"name": "blade",
					"origin": [8.875, 21, 8],
					"children": [13, 14, 15, 16, 17, 18, 19, 20, 21, 22, 23]
				}
			]
		}
	]
}