{
	"credit": "Made with Blockbench",
	"textures": {
		"1": "item/warped_fungus_on_a_stick"
	},
	"elements": [
		{
			"from": [7.75, -2, 7.75],
			"to": [8.25, 1, 8.25],
			"faces": {
				"north": {"uv": [0, 6, 0.5, 9], "texture": "#1"},
				"east": {"uv": [1, 6, 1.5, 9], "texture": "#1"},
				"south": {"uv": [2, 6, 2.5, 9], "texture": "#1"},
				"west": {"uv": [3, 6, 3.5, 9], "texture": "#1"},
				"up": {"uv": [6.5, 10.5, 6, 10], "texture": "#1"},
				"down": {"uv": [7.5, 10, 7, 10.5], "texture": "#1"}
			}
		},
		{
			"from": [7.3, 1, 7.625],
			"to": [8.7, 2.4, 8.375],
			"rotation": {"angle": 0, "axis": "y", "origin": [8, 1.75, 8]},
			"faces": {
				"north": {"uv": [2, 2, 3.5, 3.5], "texture": "#1"},
				"east": {"uv": [4, 7, 4.75, 8.5], "texture": "#1"},
				"south": {"uv": [2, 0, 3.5, 1.5], "texture": "#1"},
				"west": {"uv": [5, 7, 5.75, 8.5], "texture": "#1"},
				"up": {"uv": [7.5, 7.75, 6, 7], "texture": "#1"},
				"down": {"uv": [8.5, 0, 7, 0.75], "texture": "#1"}
			}
		},
		{
			"from": [7.1, 1.525, 7.6001],
			"to": [8.825, 1.8, 8.4001],
			"rotation": {"angle": 22.5, "axis": "z", "origin": [8, 1.75, 8]},
			"faces": {
				"north": {"uv": [9, 5, 10.75, 5.25], "texture": "#1"},
				"east": {"uv": [8, 10, 8.75, 10.25], "texture": "#1"},
				"south": {"uv": [9, 8, 10.75, 8.25], "texture": "#1"},
				"west": {"uv": [10, 0, 10.75, 0.25], "texture": "#1"},
				"up": {"uv": [5.75, 2.75, 4, 2], "texture": "#1"},
				"down": {"uv": [5.75, 2, 4, 2.75], "texture": "#1"}
			}
		},
		{
			"from": [7.175, 1.525, 7.6],
			"to": [8.9, 1.8, 8.4],
			"rotation": {"angle": -22.5, "axis": "z", "origin": [8, 1.75, 8]},
			"faces": {
				"north": {"uv": [2, 10, 3.75, 10.25], "texture": "#1"},
				"east": {"uv": [10, 0, 10.75, 0.25], "texture": "#1"},
				"south": {"uv": [4, 10, 5.75, 10.25], "texture": "#1"},
				"west": {"uv": [10, 0, 10.75, 0.25], "texture": "#1"},
				"up": {"uv": [5.75, 6.75, 4, 6], "texture": "#1"},
				"down": {"uv": [5.75, 6, 4, 6.75], "texture": "#1"}
			}
		},
		{
			"from": [7.35, 2.4, 7.65],
			"to": [8.65, 3.3, 8.35],
			"rotation": {"angle": 0, "axis": "y", "origin": [8, 1.75, 8]},
			"faces": {
				"north": {"uv": [6, 4, 7.25, 5], "texture": "#1"},
				"east": {"uv": [7, 9, 7.75, 10], "texture": "#1"},
				"south": {"uv": [6, 5, 7.25, 6], "texture": "#1"},
				"west": {"uv": [8, 9, 8.75, 10], "texture": "#1"},
				"up": {"uv": [9.25, 6.75, 8, 6], "texture": "#1"},
				"down": {"uv": [9.25, 7, 8, 7.75], "texture": "#1"}
			}
		},
		{
			"from": [7.3, 3.3, 7.625],
			"to": [8.7, 4.7, 8.375],
			"rotation": {"angle": 0, "axis": "y", "origin": [8, 1.75, 8]},
			"faces": {
				"north": {"uv": [0, 4, 1.5, 5.5], "texture": "#1"},
				"east": {"uv": [7, 1, 7.75, 2.5], "texture": "#1"},
				"south": {"uv": [2, 4, 3.5, 5.5], "texture": "#1"},
				"west": {"uv": [6, 8, 6.75, 9.5], "texture": "#1"},
				"up": {"uv": [8.5, 3.75, 7, 3], "texture": "#1"},
				"down": {"uv": [8.5, 8, 7, 8.75], "texture": "#1"}
			}
		},
		{
			"from": [7.3, 5.85, 7.625],
			"to": [8.7, 7.5, 8.375],
			"rotation": {"angle": 0, "axis": "y", "origin": [8, 1.75, 8]},
			"faces": {
				"north": {"uv": [0, 0, 1.5, 1.75], "texture": "#1"},
				"east": {"uv": [6, 0, 6.75, 1.75], "texture": "#1"},
				"south": {"uv": [0, 2, 1.5, 3.75], "texture": "#1"},
				"west": {"uv": [6, 2, 6.75, 3.75], "texture": "#1"},
				"up": {"uv": [9.5, 1.75, 8, 1], "texture": "#1"},
				"down": {"uv": [9.5, 2, 8, 2.75], "texture": "#1"}
			}
		},
		{
			"from": [7.375, 4.7, 7.65],
			"to": [8.625, 5.85, 8.35],
			"rotation": {"angle": 0, "axis": "y", "origin": [8, 1.75, 8]},
			"faces": {
				"north": {"uv": [4, 4, 5.25, 5.25], "texture": "#1"},
				"east": {"uv": [0, 9, 0.75, 10.25], "texture": "#1"},
				"south": {"uv": [4, 0, 5.25, 1.25], "texture": "#1"},
				"west": {"uv": [1, 9, 1.75, 10.25], "texture": "#1"},
				"up": {"uv": [3.25, 9.75, 2, 9], "texture": "#1"},
				"down": {"uv": [5.25, 9, 4, 9.75], "texture": "#1"}
			}
		},
		{
			"from": [7.5375, 7.5, 7.65],
			"to": [8.4625, 8.5875, 8.35],
			"rotation": {"angle": 0, "axis": "y", "origin": [8, 1.75, 8]},
			"faces": {
				"north": {"uv": [8, 4, 9, 5], "texture": "#1"},
				"east": {"uv": [9, 9, 9.75, 10], "texture": "#1"},
				"south": {"uv": [8, 5, 9, 6], "texture": "#1"},
				"west": {"uv": [9, 0, 9.75, 1], "texture": "#1"},
				"up": {"uv": [10, 3.75, 9, 3], "texture": "#1"},
				"down": {"uv": [10, 4, 9, 4.75], "texture": "#1"}
			}
		}
	],
	"display": {
		"thirdperson_righthand": {
			"rotation": [0, 90, 0],
			"translation": [0, 19, 1.5],
			"scale": [2.5, 2.5, 2.5]
		},
		"thirdperson_lefthand": {
			"rotation": [0, 90, 0],
			"translation": [0, 19, 1.5],
			"scale": [2.5, 2.5, 2.5]
		},
		"firstperson_righthand": {
			"rotation": [6, 94, 0],
			"translation": [2.5, 14, 0],
			"scale": [2.2, 2.2, 2.2]
		},
		"firstperson_lefthand": {
			"rotation": [6, 94, 0],
			"translation": [2.5, 14, 0],
			"scale": [2.2, 2.2, 2.2]
		},
		"ground": {
			"translation": [0, 7.5, 0]
		},
		"gui": {
			"rotation": [0, 0, -45],
			"translation": [6, 6, 0],
			"scale": [1.8, 1.8, 1.8]
		},
		"head": {
			"rotation": [14.75, 0, -180],
			"translation": [0, -40.25, 1.75],
			"scale": [4, 4, 4]
		},
		"fixed": {
			"rotation": [0, 0, 43.25],
			"translation": [-7.25, 7, 0],
			"scale": [2.2, 2.2, 2.2]
		}
	},
	"groups": [
		{
			"name": "group",
			"origin": [8, 8, 8],
			"children": [0, 1, 2, 3, 4, 5, 6, 7, 8]
		}
	]
}