{
	"credit": "Made with Blockbench",
	"textures": {
		"3": "block/magma",
		"4": "block/diorite",
		"5": "block/dead_tube_coral_block",
		"6": "block/cake_bottom",
		"particle": "block/cake_bottom"
	},
	"elements": [
		{
			"from": [7, 1, 6],
			"to": [8, 2, 7],
			"faces": {
				"north": {"uv": [0, 0, 14, 13], "texture": "#3"},
				"east": {"uv": [0, 0, 12, 11], "texture": "#3"},
				"south": {"uv": [0, 0, 1, 1], "texture": "#missing"},
				"west": {"uv": [0, 0, 16, 16], "texture": "#3"},
				"up": {"uv": [0, 0, 1, 1], "texture": "#missing"},
				"down": {"uv": [0, 0, 15, 15], "texture": "#3"}
			}
		},
		{
			"from": [7, 2, 6],
			"to": [8, 3, 7],
			"faces": {
				"north": {"uv": [0, 0, 14, 15], "texture": "#5"},
				"east": {"uv": [0, 0, 12, 13], "texture": "#5"},
				"south": {"uv": [0, 0, 13, 13], "texture": "#5"},
				"west": {"uv": [0, 0, 12, 11], "texture": "#5"},
				"up": {"uv": [0, 0, 13, 12], "texture": "#5"},
				"down": {"uv": [0, 0, 1, 1], "texture": "#missing"}
			}
		},
		{
			"from": [7, 2, 7],
			"to": [8, 3, 8],
			"faces": {
				"north": {"uv": [0, 0, 1, 1], "texture": "#missing"},
				"east": {"uv": [0, 0, 15, 16], "texture": "#4"},
				"south": {"uv": [0, 0, 1, 1], "texture": "#missing"},
				"west": {"uv": [0, 0, 12, 10], "texture": "#4"},
				"up": {"uv": [0, 0, 1, 1], "texture": "#missing"},
				"down": {"uv": [0, 0, 1, 1], "texture": "#missing"}
			}
		},
		{
			"from": [7, 3, 7],
			"to": [8, 4, 8],
			"faces": {
				"north": {"uv": [0, 0, 9, 10], "texture": "#4"},
				"east": {"uv": [0, 0, 14, 14], "texture": "#4"},
				"south": {"uv": [0, 0, 9, 8], "texture": "#4"},
				"west": {"uv": [0, 0, 12, 13], "texture": "#4"},
				"up": {"uv": [0, 0, 13, 11], "texture": "#4"},
				"down": {"uv": [0, 0, 1, 1], "texture": "#missing"}
			}
		},
		{
			"from": [7, 1, 7],
			"to": [8, 2, 8],
			"faces": {
				"north": {"uv": [0, 0, 1, 1], "texture": "#missing"},
				"east": {"uv": [0, 0, 14, 15], "texture": "#5"},
				"south": {"uv": [0, 0, 15, 14], "texture": "#5"},
				"west": {"uv": [0, 0, 13, 13], "texture": "#5"},
				"up": {"uv": [0, 0, 1, 1], "texture": "#missing"},
				"down": {"uv": [0, 0, 15, 15], "texture": "#5"}
			}
		},
		{
			"from": [7, 2, 8],
			"to": [8, 3, 9],
			"faces": {
				"north": {"uv": [0, 0, 10, 9], "texture": "#5"},
				"east": {"uv": [0, 0, 16, 16], "texture": "#5"},
				"south": {"uv": [0, 0, 13, 12], "texture": "#5"},
				"west": {"uv": [0, 0, 10, 11], "texture": "#5"},
				"up": {"uv": [0, 0, 1, 1], "texture": "#missing"},
				"down": {"uv": [0, 0, 15, 11], "texture": "#5"}
			}
		},
		{
			"from": [7, 3, 8],
			"to": [8, 4, 9],
			"faces": {
				"north": {"uv": [0, 0, 1, 1], "texture": "#missing"},
				"east": {"uv": [0, 0, 16, 16], "texture": "#4"},
				"south": {"uv": [0, 0, 1, 1], "texture": "#missing"},
				"west": {"uv": [0, 0, 16, 13], "texture": "#4"},
				"up": {"uv": [0, 0, 1, 1], "texture": "#missing"},
				"down": {"uv": [0, 0, 1, 1], "texture": "#missing"}
			}
		},
		{
			"from": [7, 3, 9],
			"to": [8, 4, 10],
			"faces": {
				"north": {"uv": [0, 0, 15, 15], "texture": "#4"},
				"east": {"uv": [0, 0, 15, 15], "texture": "#4"},
				"south": {"uv": [0, 0, 14, 14], "texture": "#4"},
				"west": {"uv": [0, 0, 16, 14], "texture": "#4"},
				"up": {"uv": [0, 0, 1, 1], "texture": "#missing"},
				"down": {"uv": [0, 0, 15, 15], "texture": "#4"}
			}
		},
		{
			"from": [7, 4, 9],
			"to": [8, 5, 10],
			"faces": {
				"north": {"uv": [0, 0, 1, 1], "texture": "#missing"},
				"east": {"uv": [0, 0, 15, 16], "texture": "#4"},
				"south": {"uv": [0, 0, 1, 1], "texture": "#missing"},
				"west": {"uv": [0, 0, 11, 12], "texture": "#4"},
				"up": {"uv": [0, 0, 1, 1], "texture": "#missing"},
				"down": {"uv": [0, 0, 1, 1], "texture": "#missing"}
			}
		},
		{
			"from": [7, 4, 8],
			"to": [8, 5, 9],
			"faces": {
				"north": {"uv": [0, 0, 13, 13], "texture": "#4"},
				"east": {"uv": [0, 0, 15, 15], "texture": "#4"},
				"south": {"uv": [0, 0, 15, 16], "texture": "#4"},
				"west": {"uv": [0, 0, 13, 13], "texture": "#4"},
				"up": {"uv": [0, 0, 12, 13], "texture": "#4"},
				"down": {"uv": [0, 0, 1, 1], "texture": "#missing"}
			}
		},
		{
			"from": [7, 5, 9],
			"to": [8, 6, 10],
			"faces": {
				"north": {"uv": [0, 0, 15, 13], "texture": "#4"},
				"east": {"uv": [0, 0, 14, 14], "texture": "#4"},
				"south": {"uv": [0, 0, 14, 14], "texture": "#4"},
				"west": {"uv": [0, 0, 13, 12], "texture": "#4"},
				"up": {"uv": [0, 0, 13, 11], "texture": "#4"},
				"down": {"uv": [0, 0, 1, 1], "texture": "#missing"}
			}
		},
		{
			"from": [7, 5, 10],
			"to": [8, 6, 11],
			"faces": {
				"north": {"uv": [0, 0, 1, 1], "texture": "#missing"},
				"east": {"uv": [0, 0, 16, 16], "texture": "#4"},
				"south": {"uv": [0, 0, 1, 1], "texture": "#missing"},
				"west": {"uv": [0, 0, 12, 10], "texture": "#4"},
				"up": {"uv": [0, 0, 1, 1], "texture": "#missing"},
				"down": {"uv": [0, 0, 1, 1], "texture": "#missing"}
			}
		},
		{
			"from": [7, 4, 10],
			"to": [8, 5, 11],
			"faces": {
				"north": {"uv": [0, 0, 1, 1], "texture": "#missing"},
				"east": {"uv": [0, 0, 14, 15], "texture": "#4"},
				"south": {"uv": [0, 0, 16, 15], "texture": "#4"},
				"west": {"uv": [0, 0, 14, 11], "texture": "#4"},
				"up": {"uv": [0, 0, 1, 1], "texture": "#missing"},
				"down": {"uv": [0, 0, 14, 15], "texture": "#4"}
			}
		},
		{
			"from": [7, 6, 10],
			"to": [8, 7, 11],
			"faces": {
				"north": {"uv": [0, 0, 9, 9], "texture": "#5"},
				"east": {"uv": [0, 0, 12, 11], "texture": "#5"},
				"south": {"uv": [0, 0, 15, 15], "texture": "#5"},
				"west": {"uv": [0, 0, 16, 16], "texture": "#5"},
				"up": {"uv": [0, 0, 16, 16], "texture": "#5"},
				"down": {"uv": [0, 0, 1, 1], "texture": "#missing"}
			}
		},
		{
			"from": [7, 6, 11],
			"to": [8, 7, 12],
			"faces": {
				"north": {"uv": [0, 0, 1, 1], "texture": "#missing"},
				"east": {"uv": [1, 1, 15, 15], "texture": "#6"},
				"south": {"uv": [0, 0, 1, 1], "texture": "#missing"},
				"west": {"uv": [1, 1, 15, 15], "texture": "#6"},
				"up": {"uv": [1, 1, 15, 15], "texture": "#6"},
				"down": {"uv": [0, 0, 1, 1], "texture": "#missing"}
			}
		},
		{
			"from": [7, 5, 11],
			"to": [8, 6, 12],
			"faces": {
				"north": {"uv": [0, 0, 14, 15], "texture": "#5"},
				"east": {"uv": [0, 0, 15, 15], "texture": "#5"},
				"south": {"uv": [0, 0, 8, 7], "texture": "#5"},
				"west": {"uv": [3, 4, 12, 12], "texture": "#5"},
				"up": {"uv": [0, 0, 1, 1], "texture": "#missing"},
				"down": {"uv": [0, 0, 14, 14], "texture": "#5"}
			}
		},
		{
			"from": [7, 7, 11],
			"to": [8, 8, 12],
			"faces": {
				"north": {"uv": [1, 1, 15, 15], "texture": "#6"},
				"east": {"uv": [1, 1, 15, 15], "texture": "#6"},
				"south": {"uv": [1, 1, 14, 15], "texture": "#6"},
				"west": {"uv": [1, 1, 15, 15], "texture": "#6"},
				"up": {"uv": [1, 1, 15, 15], "texture": "#6"},
				"down": {"uv": [0, 0, 1, 1], "texture": "#missing"}
			}
		},
		{
			"from": [7, 7, 12],
			"to": [8, 8, 13],
			"faces": {
				"north": {"uv": [1, 1, 15, 15], "texture": "#6"},
				"east": {"uv": [1, 1, 15, 15], "texture": "#6"},
				"south": {"uv": [1, 1, 14, 15], "texture": "#6"},
				"west": {"uv": [1, 1, 15, 15], "texture": "#6"},
				"up": {"uv": [1, 1, 15, 15], "texture": "#6"},
				"down": {"uv": [0, 0, 1, 1], "texture": "#missing"}
			}
		},
		{
			"from": [7, 8, 12],
			"to": [8, 9, 13],
			"faces": {
				"north": {"uv": [1, 1, 15, 15], "texture": "#6"},
				"east": {"uv": [1, 1, 15, 15], "texture": "#6"},
				"south": {"uv": [1, 1, 14, 15], "texture": "#6"},
				"west": {"uv": [1, 1, 15, 15], "texture": "#6"},
				"up": {"uv": [1, 1, 15, 15], "texture": "#6"},
				"down": {"uv": [0, 0, 1, 1], "texture": "#missing"}
			}
		},
		{
			"from": [7, 7, 13],
			"to": [8, 8, 14],
			"faces": {
				"north": {"uv": [1, 1, 15, 15], "texture": "#6"},
				"east": {"uv": [1, 1, 15, 15], "texture": "#6"},
				"south": {"uv": [1, 1, 14, 15], "texture": "#6"},
				"west": {"uv": [1, 1, 15, 15], "texture": "#6"},
				"up": {"uv": [1, 1, 15, 15], "texture": "#6"},
				"down": {"uv": [1, 1, 2, 2], "texture": "#6"}
			}
		},
		{
			"from": [7, 8, 13],
			"to": [8, 9, 14],
			"faces": {
				"north": {"uv": [1, 1, 15, 15], "texture": "#6"},
				"east": {"uv": [1, 1, 15, 15], "texture": "#6"},
				"south": {"uv": [1, 1, 14, 15], "texture": "#6"},
				"west": {"uv": [1, 1, 15, 15], "texture": "#6"},
				"up": {"uv": [1, 1, 15, 15], "texture": "#6"},
				"down": {"uv": [0, 0, 1, 1], "texture": "#missing"}
			}
		},
		{
			"from": [7, 6, 12],
			"to": [8, 7, 13],
			"faces": {
				"north": {"uv": [0, 0, 1, 1], "texture": "#missing"},
				"east": {"uv": [1, 1, 15, 15], "texture": "#6"},
				"south": {"uv": [1, 1, 15, 15], "texture": "#6"},
				"west": {"uv": [1, 1, 15, 15], "texture": "#6"},
				"up": {"uv": [1, 1, 14, 14], "texture": "#6"},
				"down": {"uv": [1, 1, 15, 15], "texture": "#6"}
			}
		}
	],
	"display": {
		"thirdperson_righthand": {
			"rotation": [54, 2, 0],
			"translation": [0.75, 3.5, -1.25],
			"scale": [0.77, 0.73, 1.14]
		},
		"firstperson_righthand": {
			"rotation": [37, -1, 2],
			"translation": [0.5, 6.25, 0],
			"scale": [0.54, 1.02, 0.93]
		},
		"firstperson_lefthand": {
			"rotation": [80, 0, 16]
		},
		"ground": {
			"rotation": [-129, -64, 134],
			"translation": [0.25, 0, 0],
			"scale": [0.87, 1, 0.85]
		},
		"gui": {
			"rotation": [111, -107, 114],
			"translation": [4.75, 3.5, 1.5],
			"scale": [2.32, 1.48, 1.82]
		},
		"head": {
			"rotation": [36, -6, 0],
			"translation": [0.25, -0.25, -9],
			"scale": [1.02, 0.65, 0.58]
		},
		"fixed": {
			"rotation": [8, -86, 5],
			"translation": [2.25, 5.25, -0.75],
			"scale": [1.46, 1.82, 1]
		}
	}
}