{
	"credit": "Made with Blockbench",
	"parent": "models/item/shield",
	"ambientocclusion": false,
	"textures": {
		"back": "./templar_buckler_shield_shape",
		"base": "./templar_shield"
	},
	"elements": [
		{
			"name": "Shield Top",
			"from": [1, 21, 7],
			"to": [11, 22, 8],
			"faces": {
				"north": {"uv": [3, 0, 13, 1], "texture": "#base"},
				"east": {"uv": [12, 0, 13, 1], "texture": "#base"},
				"south": {"uv": [3, 0, 13, 1], "texture": "#back"},
				"west": {"uv": [3, 0, 4, 1], "texture": "#base"},
				"up": {"uv": [3, 0, 13, 1], "texture": "#base"}
			}
		},
		{
			"name": "Shield",
			"from": [0, 14, 7],
			"to": [12, 21, 8],
			"faces": {
				"north": {"uv": [2, 1, 14, 7], "texture": "#base"},
				"east": {"uv": [13, 1, 14, 7], "texture": "#base"},
				"south": {"uv": [2, 1, 14, 7], "texture": "#back"},
				"west": {"uv": [2, 1, 3, 7], "texture": "#base"},
				"up": {"uv": [2, 1, 14, 2], "texture": "#base"},
				"down": {"uv": [2, 6, 14, 7], "rotation": 180, "texture": "#base"}
			}
		},
		{
			"name": "Shield Part 1",
			"from": [1, 11, 7],
			"to": [11, 14, 8],
			"faces": {
				"north": {"uv": [3, 7, 13, 10], "texture": "#base"},
				"east": {"uv": [12, 7, 13, 10], "texture": "#base"},
				"south": {"uv": [3, 7, 13, 10], "texture": "#back"},
				"west": {"uv": [3, 7, 4, 10], "texture": "#base"},
				"down": {"uv": [3, 9, 13, 10], "texture": "#base"}
			}
		},
		{
			"name": "Shield Part 2",
			"from": [2, 9, 7],
			"to": [10, 11, 8],
			"faces": {
				"north": {"uv": [4, 10, 12, 12], "texture": "#base"},
				"east": {"uv": [11, 10, 12, 12], "texture": "#base"},
				"south": {"uv": [4, 10, 12, 12], "texture": "#back"},
				"west": {"uv": [4, 10, 5, 12], "texture": "#base"},
				"down": {"uv": [4, 11, 12, 12], "texture": "#base"}
			}
		},
		{
			"name": "Shield Part 3",
			"from": [3, 7, 7],
			"to": [9, 9, 8],
			"faces": {
				"north": {"uv": [5, 12, 11, 14], "texture": "#base"},
				"east": {"uv": [10, 12, 11, 14], "texture": "#base"},
				"south": {"uv": [5, 12, 11, 14], "texture": "#back"},
				"west": {"uv": [5, 12, 6, 14], "texture": "#base"},
				"down": {"uv": [5, 13, 11, 14], "texture": "#base"}
			}
		},
		{
			"name": "Shield Part 4",
			"from": [4, 6, 7],
			"to": [8, 7, 8],
			"faces": {
				"north": {"uv": [6, 14, 10, 15], "texture": "#base"},
				"east": {"uv": [9, 14, 10, 15], "texture": "#base"},
				"south": {"uv": [6, 14, 10, 15], "texture": "#back"},
				"west": {"uv": [6, 14, 7, 15], "texture": "#base"},
				"down": {"uv": [6, 14, 10, 15], "texture": "#base"}
			}
		},
		{
			"name": "Shield Bottom",
			"from": [5, 5, 7],
			"to": [7, 6, 8],
			"faces": {
				"north": {"uv": [7, 15, 9, 16], "texture": "#base"},
				"east": {"uv": [9, 14, 10, 15], "texture": "#base"},
				"south": {"uv": [7, 15, 9, 16], "texture": "#back"},
				"west": {"uv": [6, 14, 7, 15], "texture": "#base"},
				"down": {"uv": [7, 15, 9, 16], "texture": "#base"}
			}
		}
	],
	"gui_light": "front",
	"overrides": [],
	"display": {
		"thirdperson_righthand": {
			"rotation": [68.5, -26, 1],
			"translation": [3.25, -3.25, -5.25],
			"scale": [1.01, 1.01, 1.01]
		},
		"thirdperson_lefthand": {
			"rotation": [68.5, -26, 1],
			"translation": [-1, -1.25, -5.75],
			"scale": [1.01, 1.01, 1.01]
		},
		"firstperson_righthand": {
			"translation": [0, -6.75, 2],
			"scale": [0.78, 0.78, 0.78]
		},
		"firstperson_lefthand": {
			"translation": [-3, -6.75, 2],
			"scale": [0.78, 0.78, 0.78]
		},
		"ground": {
			"translation": [0, -0.75, 0],
			"scale": [0.5, 0.5, 0.5]
		},
		"gui": {
			"rotation": [0, -180, 0],
			"translation": [-1.25, -4, 0],
			"scale": [0.78, 0.78, 0.78]
		},
		"fixed": {
			"translation": [2, -5.25, 0]
		}
	}
}