{
	"credit": "By Maximka",
	"textures": {
		"0": "block/quartz_block_bottom",
		"1": "block/dark_oak_planks",
		"2": "block/iron_block",
		"particle": "block/quartz_block_bottom"
	},
	"elements": [
		{
			"from": [3.1, 4, 7.5],
			"to": [13, 12, 8.5],
			"faces": {
				"north": {"uv": [0, 0, 16, 16], "rotation": 90, "texture": "#1"},
				"east": {"uv": [0, 0, 16, 16], "rotation": 90, "texture": "#1"},
				"south": {"uv": [0, 0, 16, 16], "rotation": 90, "texture": "#1"},
				"west": {"uv": [0, 0, 16, 16], "rotation": 90, "texture": "#1"},
				"up": {"uv": [0, 0, 16, 16], "rotation": 90, "texture": "#1"},
				"down": {"uv": [0, 0, 16, 16], "rotation": 90, "texture": "#1"}
			}
		},
		{
			"from": [5.5, 14, 7.5],
			"to": [10.5, 29, 8.5],
			"faces": {
				"north": {"uv": [0, 0, 16, 16], "rotation": 90, "texture": "#1"},
				"east": {"uv": [0, 0, 16, 16], "rotation": 90, "texture": "#1"},
				"south": {"uv": [0, 0, 16, 16], "rotation": 90, "texture": "#1"},
				"west": {"uv": [0, 0, 16, 16], "rotation": 90, "texture": "#1"},
				"up": {"uv": [0, 0, 16, 16], "rotation": 90, "texture": "#1"},
				"down": {"uv": [0, 0, 16, 16], "rotation": 90, "texture": "#1"}
			}
		},
		{
			"from": [5.15, 26, 7.1],
			"to": [10.8, 32, 8.9],
			"faces": {
				"north": {"uv": [0, 0, 16, 16], "rotation": 90, "texture": "#1"},
				"east": {"uv": [0, 0, 16, 16], "rotation": 90, "texture": "#1"},
				"south": {"uv": [0, 0, 16, 16], "rotation": 90, "texture": "#1"},
				"west": {"uv": [0, 0, 16, 16], "rotation": 90, "texture": "#1"},
				"up": {"uv": [0, 0, 16, 16], "rotation": 90, "texture": "#1"},
				"down": {"uv": [0, 0, 16, 16], "rotation": 90, "texture": "#1"}
			}
		},
		{
			"from": [2.1, 5, 7.6],
			"to": [4, 12, 8.4],
			"faces": {
				"north": {"uv": [0, 0, 16, 16], "rotation": 90, "texture": "#1"},
				"east": {"uv": [0, 0, 16, 16], "rotation": 90, "texture": "#1"},
				"south": {"uv": [0, 0, 16, 16], "rotation": 90, "texture": "#1"},
				"west": {"uv": [0, 0, 16, 16], "rotation": 90, "texture": "#1"},
				"up": {"uv": [0, 0, 16, 16], "rotation": 90, "texture": "#1"},
				"down": {"uv": [0, 0, 16, 16], "rotation": 90, "texture": "#1"}
			}
		},
		{
			"from": [1.1, 6, 7.5],
			"to": [3, 11, 8.5],
			"faces": {
				"north": {"uv": [0, 0, 16, 16], "rotation": 90, "texture": "#1"},
				"east": {"uv": [0, 0, 16, 16], "rotation": 90, "texture": "#1"},
				"south": {"uv": [0, 0, 16, 16], "rotation": 90, "texture": "#1"},
				"west": {"uv": [0, 0, 16, 16], "rotation": 90, "texture": "#1"},
				"up": {"uv": [0, 0, 16, 16], "rotation": 90, "texture": "#1"},
				"down": {"uv": [0, 0, 16, 16], "rotation": 90, "texture": "#1"}
			}
		},
		{
			"from": [3.1, 11, 7.6],
			"to": [13, 13, 8.4],
			"faces": {
				"north": {"uv": [0, 0, 16, 16], "rotation": 90, "texture": "#1"},
				"east": {"uv": [0, 0, 16, 16], "rotation": 90, "texture": "#1"},
				"south": {"uv": [0, 0, 13, 14], "rotation": 90, "texture": "#1"},
				"west": {"uv": [0, 0, 16, 16], "rotation": 90, "texture": "#1"},
				"up": {"uv": [0, 0, 16, 16], "rotation": 90, "texture": "#1"},
				"down": {"uv": [0, 0, 16, 16], "rotation": 90, "texture": "#1"}
			}
		},
		{
			"from": [4.1, 12, 7.5],
			"to": [12, 14, 8.5],
			"faces": {
				"north": {"uv": [0, 0, 16, 16], "rotation": 90, "texture": "#1"},
				"east": {"uv": [0, 0, 16, 16], "rotation": 90, "texture": "#1"},
				"south": {"uv": [0, 0, 13, 14], "rotation": 90, "texture": "#1"},
				"west": {"uv": [0, 0, 16, 16], "rotation": 90, "texture": "#1"},
				"up": {"uv": [0, 0, 16, 16], "rotation": 90, "texture": "#1"},
				"down": {"uv": [0, 0, 16, 16], "rotation": 90, "texture": "#1"}
			}
		},
		{
			"from": [12.1, 5, 7.6],
			"to": [14, 12, 8.3],
			"faces": {
				"north": {"uv": [0, 0, 16, 16], "rotation": 90, "texture": "#1"},
				"east": {"uv": [0, 0, 16, 16], "rotation": 90, "texture": "#1"},
				"south": {"uv": [0, 0, 16, 16], "rotation": 90, "texture": "#1"},
				"west": {"uv": [0, 0, 16, 16], "rotation": 90, "texture": "#1"},
				"up": {"uv": [0, 0, 16, 16], "rotation": 90, "texture": "#1"},
				"down": {"uv": [0, 0, 16, 16], "rotation": 90, "texture": "#1"}
			}
		},
		{
			"from": [13.1, 6, 7.5],
			"to": [15, 11, 8.5],
			"faces": {
				"north": {"uv": [0, 0, 16, 16], "rotation": 90, "texture": "#1"},
				"east": {"uv": [0, 0, 16, 16], "rotation": 90, "texture": "#1"},
				"south": {"uv": [0, 0, 16, 16], "rotation": 90, "texture": "#1"},
				"west": {"uv": [0, 0, 16, 16], "rotation": 90, "texture": "#1"},
				"up": {"uv": [0, 0, 16, 16], "rotation": 90, "texture": "#1"},
				"down": {"uv": [0, 0, 16, 16], "rotation": 90, "texture": "#1"}
			}
		},
		{
			"from": [4.1, 3, 7.6],
			"to": [12, 5.2, 8.4],
			"faces": {
				"north": {"uv": [0, 0, 16, 16], "rotation": 90, "texture": "#1"},
				"east": {"uv": [0, 0, 16, 16], "rotation": 90, "texture": "#1"},
				"south": {"uv": [0, 0, 13, 14], "rotation": 90, "texture": "#1"},
				"west": {"uv": [0, 0, 16, 16], "rotation": 90, "texture": "#1"},
				"up": {"uv": [0, 0, 16, 16], "rotation": 90, "texture": "#1"},
				"down": {"uv": [0, 0, 16, 16], "rotation": 90, "texture": "#1"}
			}
		},
		{
			"from": [5.1, 2.3, 7.7],
			"to": [11, 4.5, 8.3],
			"faces": {
				"north": {"uv": [0, 0, 16, 16], "rotation": 90, "texture": "#1"},
				"east": {"uv": [0, 0, 16, 16], "rotation": 90, "texture": "#1"},
				"south": {"uv": [0, 0, 13, 14], "rotation": 90, "texture": "#1"},
				"west": {"uv": [0, 0, 16, 16], "rotation": 90, "texture": "#1"},
				"up": {"uv": [0, 0, 16, 16], "rotation": 90, "texture": "#1"},
				"down": {"uv": [0, 0, 16, 16], "rotation": 90, "texture": "#1"}
			}
		},
		{
			"from": [9.1, 4, 7.3],
			"to": [9.3, 26, 8.3],
			"faces": {
				"north": {"uv": [0, 0, 15, 15], "texture": "#0"},
				"east": {"uv": [0, 0, 15, 15], "texture": "#0"},
				"south": {"uv": [0, 0, 15, 15], "texture": "#0"},
				"west": {"uv": [0, 0, 15, 15], "texture": "#0"},
				"up": {"uv": [0, 0, 15, 15], "texture": "#0"},
				"down": {"uv": [0, 0, 15, 15], "texture": "#0"}
			}
		},
		{
			"from": [8.1, 4, 7.3],
			"to": [8.3, 26, 8.3],
			"faces": {
				"north": {"uv": [0, 0, 15, 15], "texture": "#0"},
				"east": {"uv": [0, 0, 15, 15], "texture": "#0"},
				"south": {"uv": [0, 0, 15, 15], "texture": "#0"},
				"west": {"uv": [0, 0, 15, 15], "texture": "#0"},
				"up": {"uv": [0, 0, 15, 15], "texture": "#0"},
				"down": {"uv": [0, 0, 15, 15], "texture": "#0"}
			}
		},
		{
			"from": [7.1, 4, 7.3],
			"to": [7.3, 26, 8.3],
			"faces": {
				"north": {"uv": [0, 0, 15, 15], "texture": "#0"},
				"east": {"uv": [0, 0, 15, 15], "texture": "#0"},
				"south": {"uv": [0, 0, 15, 15], "texture": "#0"},
				"west": {"uv": [0, 0, 15, 15], "texture": "#0"},
				"up": {"uv": [0, 0, 15, 15], "texture": "#0"},
				"down": {"uv": [0, 0, 15, 15], "texture": "#0"}
			}
		},
		{
			"from": [6.1, 4, 7.3],
			"to": [6.3, 26, 8.3],
			"faces": {
				"north": {"uv": [0, 0, 15, 15], "texture": "#0"},
				"east": {"uv": [0, 0, 15, 15], "texture": "#0"},
				"south": {"uv": [0, 0, 15, 15], "texture": "#0"},
				"west": {"uv": [0, 0, 15, 15], "texture": "#0"},
				"up": {"uv": [0, 0, 15, 15], "texture": "#0"},
				"down": {"uv": [0, 0, 15, 15], "texture": "#0"}
			}
		},
		{
			"from": [9.9, 4, 7.3],
			"to": [10.1, 22.3, 8.3],
			"faces": {
				"north": {"uv": [0, 0, 15, 15], "texture": "#0"},
				"east": {"uv": [0, 0, 15, 15], "texture": "#0"},
				"south": {"uv": [0, 0, 15, 15], "texture": "#0"},
				"west": {"uv": [0, 0, 15, 15], "texture": "#0"},
				"up": {"uv": [0, 0, 15, 15], "texture": "#0"},
				"down": {"uv": [0, 0, 15, 15], "texture": "#0"}
			}
		},
		{
			"from": [9.9, 22.3, 7.4],
			"to": [10.1, 22.6, 8.4],
			"rotation": {"angle": 0, "axis": "y", "origin": [0.1, 0, 0]},
			"faces": {
				"north": {"uv": [0, 0, 15, 15], "texture": "#0"},
				"east": {"uv": [0, 0, 15, 15], "texture": "#0"},
				"south": {"uv": [0, 0, 15, 15], "texture": "#0"},
				"west": {"uv": [0, 0, 15, 15], "texture": "#0"},
				"up": {"uv": [0, 0, 15, 15], "texture": "#0"},
				"down": {"uv": [0, 0, 15, 15], "texture": "#0"}
			}
		},
		{
			"from": [10.3, 22.6, 7.2],
			"to": [10.8, 23, 7.7],
			"rotation": {"angle": 0, "axis": "y", "origin": [0.1, 0, 0]},
			"faces": {
				"north": {"uv": [1, 1, 14, 14], "texture": "#2"},
				"east": {"uv": [1, 1, 14, 14], "texture": "#2"},
				"south": {"uv": [1, 1, 14, 14], "texture": "#2"},
				"west": {"uv": [1, 1, 14, 14], "texture": "#2"},
				"up": {"uv": [1, 1, 14, 14], "texture": "#2"},
				"down": {"uv": [1, 1, 14, 14], "texture": "#2"}
			}
		},
		{
			"from": [10.4, 29.5, 6.8],
			"to": [11, 30, 7.3],
			"rotation": {"angle": 0, "axis": "y", "origin": [0.1, 0, 0]},
			"faces": {
				"north": {"uv": [1, 1, 14, 14], "texture": "#2"},
				"east": {"uv": [1, 1, 14, 14], "texture": "#2"},
				"south": {"uv": [1, 1, 14, 14], "texture": "#2"},
				"west": {"uv": [1, 1, 14, 14], "texture": "#2"},
				"up": {"uv": [1, 1, 14, 14], "texture": "#2"},
				"down": {"uv": [1, 1, 14, 14], "texture": "#2"}
			}
		},
		{
			"from": [4.9, 29.8, 6.8],
			"to": [5.5, 30.3, 7.3],
			"rotation": {"angle": 0, "axis": "y", "origin": [0.1, 0, 0]},
			"faces": {
				"north": {"uv": [1, 1, 14, 14], "texture": "#2"},
				"east": {"uv": [1, 1, 14, 14], "texture": "#2"},
				"south": {"uv": [1, 1, 14, 14], "texture": "#2"},
				"west": {"uv": [1, 1, 14, 14], "texture": "#2"},
				"up": {"uv": [1, 1, 14, 14], "texture": "#2"},
				"down": {"uv": [1, 1, 14, 14], "texture": "#2"}
			}
		},
		{
			"from": [5.1, 31.4, 6.8],
			"to": [5.7, 31.9, 7.3],
			"rotation": {"angle": 0, "axis": "y", "origin": [0.1, 0, 0]},
			"faces": {
				"north": {"uv": [1, 1, 14, 14], "texture": "#2"},
				"east": {"uv": [1, 1, 14, 14], "texture": "#2"},
				"south": {"uv": [1, 1, 14, 14], "texture": "#2"},
				"west": {"uv": [1, 1, 14, 14], "texture": "#2"},
				"up": {"uv": [1, 1, 14, 14], "texture": "#2"},
				"down": {"uv": [1, 1, 14, 14], "texture": "#2"}
			}
		},
		{
			"from": [9.2, 31.3, 6.8],
			"to": [9.8, 31.8, 7.3],
			"rotation": {"angle": 0, "axis": "y", "origin": [0.1, 0, 0]},
			"faces": {
				"north": {"uv": [1, 1, 14, 14], "texture": "#2"},
				"east": {"uv": [1, 1, 14, 14], "texture": "#2"},
				"south": {"uv": [1, 1, 14, 14], "texture": "#2"},
				"west": {"uv": [1, 1, 14, 14], "texture": "#2"},
				"up": {"uv": [1, 1, 14, 14], "texture": "#2"},
				"down": {"uv": [1, 1, 14, 14], "texture": "#2"}
			}
		},
		{
			"from": [9.1, 26, 7],
			"to": [9.3, 28.1, 8],
			"rotation": {"angle": 0, "axis": "y", "origin": [0.2, 0, 0]},
			"faces": {
				"north": {"uv": [0, 0, 15, 15], "texture": "#0"},
				"east": {"uv": [0, 0, 15, 15], "texture": "#0"},
				"south": {"uv": [0, 0, 15, 15], "texture": "#0"},
				"west": {"uv": [0, 0, 15, 15], "texture": "#0"},
				"up": {"uv": [0, 0, 15, 15], "texture": "#0"},
				"down": {"uv": [0, 0, 15, 15], "texture": "#0"}
			}
		},
		{
			"from": [6.1, 26, 7],
			"to": [6.3, 28.1, 8],
			"rotation": {"angle": 0, "axis": "y", "origin": [15.3, 0, 0]},
			"faces": {
				"north": {"uv": [0, 0, 15, 15], "texture": "#0"},
				"east": {"uv": [0, 0, 15, 15], "texture": "#0"},
				"south": {"uv": [0, 0, 15, 15], "texture": "#0"},
				"west": {"uv": [0, 0, 15, 15], "texture": "#0"},
				"up": {"uv": [0, 0, 15, 15], "texture": "#0"},
				"down": {"uv": [0, 0, 15, 15], "texture": "#0"}
			}
		},
		{
			"from": [9.1, 28.1, 7],
			"to": [9.3, 28.4, 8],
			"rotation": {"angle": 0, "axis": "y", "origin": [0, 0.3, 0]},
			"faces": {
				"north": {"uv": [0, 0, 15, 15], "texture": "#0"},
				"east": {"uv": [0, 0, 15, 15], "texture": "#0"},
				"south": {"uv": [0, 0, 15, 15], "texture": "#0"},
				"west": {"uv": [0, 0, 15, 15], "texture": "#0"},
				"up": {"uv": [0, 0, 15, 15], "texture": "#0"},
				"down": {"uv": [0, 0, 15, 15], "texture": "#0"}
			}
		},
		{
			"from": [8.1, 30, 7],
			"to": [8.3, 30.2, 8],
			"rotation": {"angle": 0, "axis": "y", "origin": [0, 0.3, 0]},
			"faces": {
				"north": {"uv": [0, 0, 15, 15], "texture": "#0"},
				"east": {"uv": [0, 0, 15, 15], "texture": "#0"},
				"south": {"uv": [0, 0, 15, 15], "texture": "#0"},
				"west": {"uv": [0, 0, 15, 15], "texture": "#0"},
				"up": {"uv": [0, 0, 15, 15], "texture": "#0"},
				"down": {"uv": [0, 0, 15, 15], "texture": "#0"}
			}
		},
		{
			"from": [7.1, 30, 7],
			"to": [7.3, 30.2, 8],
			"rotation": {"angle": 0, "axis": "y", "origin": [15.1, 0.3, 0]},
			"faces": {
				"north": {"uv": [0, 0, 15, 15], "texture": "#0"},
				"east": {"uv": [0, 0, 15, 15], "texture": "#0"},
				"south": {"uv": [0, 0, 15, 15], "texture": "#0"},
				"west": {"uv": [0, 0, 15, 15], "texture": "#0"},
				"up": {"uv": [0, 0, 15, 15], "texture": "#0"},
				"down": {"uv": [0, 0, 15, 15], "texture": "#0"}
			}
		},
		{
			"from": [6.1, 28.1, 7],
			"to": [6.3, 28.3, 8],
			"rotation": {"angle": 0, "axis": "y", "origin": [15.1, 0.3, 0]},
			"faces": {
				"north": {"uv": [0, 0, 15, 15], "texture": "#0"},
				"east": {"uv": [0, 0, 15, 15], "texture": "#0"},
				"south": {"uv": [0, 0, 15, 15], "texture": "#0"},
				"west": {"uv": [0, 0, 15, 15], "texture": "#0"},
				"up": {"uv": [0, 0, 15, 15], "texture": "#0"},
				"down": {"uv": [0, 0, 15, 15], "texture": "#0"}
			}
		},
		{
			"from": [8.41569, 27.34792, 6.9],
			"to": [8.61569, 29.34792, 8],
			"rotation": {"angle": -45, "axis": "z", "origin": [10.06569, 26.89792, 7.5]},
			"faces": {
				"north": {"uv": [0, 0, 15, 15], "texture": "#0"},
				"east": {"uv": [0, 0, 15, 15], "texture": "#0"},
				"south": {"uv": [0, 0, 15, 15], "texture": "#0"},
				"west": {"uv": [0, 0, 15, 15], "texture": "#0"},
				"up": {"uv": [0, 0, 15, 15], "texture": "#0"},
				"down": {"uv": [0, 0, 15, 15], "texture": "#0"}
			}
		},
		{
			"from": [12.36213, 23.44411, 7.2],
			"to": [12.56213, 23.94411, 7.7],
			"rotation": {"angle": -45, "axis": "z", "origin": [10.11213, 25.99411, 8]},
			"faces": {
				"north": {"uv": [0, 0, 15, 15], "texture": "#0"},
				"east": {"uv": [0, 0, 15, 15], "texture": "#0"},
				"south": {"uv": [0, 0, 15, 15], "texture": "#0"},
				"west": {"uv": [0, 0, 15, 15], "texture": "#0"},
				"up": {"uv": [0, 0, 15, 15], "texture": "#0"},
				"down": {"uv": [0, 0, 15, 15], "texture": "#0"}
			}
		},
		{
			"from": [6.21777, 28.01447, 6.9],
			"to": [6.41777, 30.11447, 8],
			"rotation": {"angle": -45, "axis": "z", "origin": [9.86777, 26.76447, 7.6]},
			"faces": {
				"north": {"uv": [0, 0, 15, 15], "texture": "#0"},
				"east": {"uv": [0, 0, 15, 15], "texture": "#0"},
				"south": {"uv": [0, 0, 15, 15], "texture": "#0"},
				"west": {"uv": [0, 0, 15, 15], "texture": "#0"},
				"up": {"uv": [0, 0, 15, 15], "texture": "#0"},
				"down": {"uv": [0, 0, 15, 15], "texture": "#0"}
			}
		},
		{
			"from": [8.98223, 28.01447, 6.9],
			"to": [9.18223, 30.11447, 8],
			"rotation": {"angle": 45, "axis": "z", "origin": [5.63223, 26.76447, 7.6]},
			"faces": {
				"north": {"uv": [0, 0, 15, 15], "texture": "#0"},
				"east": {"uv": [0, 0, 15, 15], "texture": "#0"},
				"south": {"uv": [0, 0, 15, 15], "texture": "#0"},
				"west": {"uv": [0, 0, 15, 15], "texture": "#0"},
				"up": {"uv": [0, 0, 15, 15], "texture": "#0"},
				"down": {"uv": [0, 0, 15, 15], "texture": "#0"}
			}
		},
		{
			"from": [5.90423, 28.28149, 7],
			"to": [6.10423, 30.08149, 7.2],
			"rotation": {"angle": 22.5, "axis": "z", "origin": [6.05423, 28.58149, 7.55]},
			"faces": {
				"north": {"uv": [0, 0, 15, 15], "texture": "#0"},
				"east": {"uv": [0, 0, 15, 15], "texture": "#0"},
				"south": {"uv": [0, 0, 15, 15], "texture": "#0"},
				"west": {"uv": [0, 0, 15, 15], "texture": "#0"},
				"up": {"uv": [0, 0, 15, 15], "texture": "#0"},
				"down": {"uv": [0, 0, 15, 15], "texture": "#0"}
			}
		},
		{
			"from": [8.1, 26, 7],
			"to": [8.3, 30, 8],
			"rotation": {"angle": 0, "axis": "y", "origin": [0.2, 0, 0]},
			"faces": {
				"north": {"uv": [0, 0, 15, 15], "texture": "#0"},
				"east": {"uv": [0, 0, 15, 15], "texture": "#0"},
				"south": {"uv": [0, 0, 15, 15], "texture": "#0"},
				"west": {"uv": [0, 0, 15, 15], "texture": "#0"},
				"up": {"uv": [0, 0, 15, 15], "texture": "#0"},
				"down": {"uv": [0, 0, 15, 15], "texture": "#0"}
			}
		},
		{
			"from": [7.1, 26, 7],
			"to": [7.3, 30, 8],
			"rotation": {"angle": 0, "axis": "y", "origin": [15.3, 0, 0]},
			"faces": {
				"north": {"uv": [0, 0, 15, 15], "texture": "#0"},
				"east": {"uv": [0, 0, 15, 15], "texture": "#0"},
				"south": {"uv": [0, 0, 15, 15], "texture": "#0"},
				"west": {"uv": [0, 0, 15, 15], "texture": "#0"},
				"up": {"uv": [0, 0, 15, 15], "texture": "#0"},
				"down": {"uv": [0, 0, 15, 15], "texture": "#0"}
			}
		}
	],
	"display": {
		"thirdperson_righthand": {
			"rotation": [77, 0, 73],
			"scale": [0.5, 1, 1]
		},
		"thirdperson_lefthand": {
			"rotation": [77, 0, 73],
			"scale": [0.5, 1, 1]
		},
		"firstperson_righthand": {
			"rotation": [0, 0, 80],
			"scale": [0.5, 1, 1]
		},
		"firstperson_lefthand": {
			"rotation": [0, 0, 80],
			"scale": [0.5, 1, 1]
		},
		"ground": {
			"translation": [0, 1.25, 0],
			"scale": [0.5, 1, 1]
		},
		"gui": {
			"rotation": [0, -180, 46],
			"translation": [-3.5, -3.5, 0],
			"scale": [0.51, 0.6, 0.6]
		},
		"head": {
			"rotation": [0, 0, 12],
			"translation": [0, -35.25, -7.5]
		},
		"fixed": {
			"rotation": [-90, 0, 0],
			"translation": [0, -3.75, -12.25],
			"scale": [1, 2, 2]
		}
	}
}