{
	"credit": "By Maximka",
	"textures": {
		"1": "block/blue_concrete",
		"2": "block/gold_block",
		"3": "block/black_concrete",
		"4": "block/diamond_block",
		"5": "block/soul_lantern",
		"6": "block/blue_stained_glass",
		"particle": "block/gold_block"
	},
	"elements": [
		{
			"from": [7.45, 0.5, 7.45],
			"to": [8.55, 18.2, 8.55],
			"faces": {
				"north": {"uv": [0, 0, 15, 16], "texture": "#1"},
				"east": {"uv": [0, 0, 15, 16], "texture": "#1"},
				"south": {"uv": [0, 0, 15, 16], "texture": "#1"},
				"west": {"uv": [0, 0, 15, 16], "texture": "#1"},
				"up": {"uv": [0, 0, 15, 16], "texture": "#1"},
				"down": {"uv": [0, 0, 15, 16], "texture": "#1"}
			}
		},
		{
			"from": [7.2, 14.5, 7.2],
			"to": [8.8, 15.5, 8.8],
			"faces": {
				"north": {"uv": [0, 0, 16, 16], "texture": "#3"},
				"east": {"uv": [0, 0, 16, 16], "texture": "#3"},
				"south": {"uv": [0, 0, 16, 16], "texture": "#3"},
				"west": {"uv": [0, 0, 16, 16], "texture": "#3"},
				"up": {"uv": [0, 0, 16, 16], "texture": "#3"},
				"down": {"uv": [0, 0, 16, 16], "texture": "#3"}
			}
		},
		{
			"from": [7.2, 16.4, 7.2],
			"to": [8.8, 17.4, 8.8],
			"faces": {
				"north": {"uv": [0, 0, 16, 16], "texture": "#3"},
				"east": {"uv": [0, 0, 16, 16], "texture": "#3"},
				"south": {"uv": [0, 0, 16, 16], "texture": "#3"},
				"west": {"uv": [0, 0, 16, 16], "texture": "#3"},
				"up": {"uv": [0, 0, 16, 16], "texture": "#3"},
				"down": {"uv": [0, 0, 16, 16], "texture": "#3"}
			}
		},
		{
			"from": [5.2, 17.9, 10.1],
			"to": [6, 20.2, 10.8],
			"faces": {
				"north": {"uv": [0, 0, 16, 16], "texture": "#1"},
				"east": {"uv": [0, 0, 16, 16], "texture": "#1"},
				"south": {"uv": [0, 0, 16, 16], "texture": "#1"},
				"west": {"uv": [0, 0, 16, 16], "texture": "#1"},
				"up": {"uv": [0, 0, 16, 16], "texture": "#1"},
				"down": {"uv": [0, 0, 16, 16], "texture": "#1"}
			}
		},
		{
			"from": [5.2, 17.9, 5.1],
			"to": [6, 20.2, 5.8],
			"faces": {
				"north": {"uv": [0, 0, 16, 16], "texture": "#1"},
				"east": {"uv": [0, 0, 16, 16], "texture": "#1"},
				"south": {"uv": [0, 0, 16, 16], "texture": "#1"},
				"west": {"uv": [0, 0, 16, 16], "texture": "#1"},
				"up": {"uv": [0, 0, 16, 16], "texture": "#1"},
				"down": {"uv": [0, 0, 16, 16], "texture": "#1"}
			}
		},
		{
			"from": [5.4, 16.5, 5.3],
			"to": [5.8, 17.9, 5.6],
			"rotation": {"angle": -22.5, "axis": "y", "origin": [5.6, 17.2, 5.45]},
			"faces": {
				"north": {"uv": [0, 0, 16, 16], "texture": "#2"},
				"east": {"uv": [0, 0, 16, 16], "texture": "#2"},
				"south": {"uv": [0, 0, 16, 16], "texture": "#2"},
				"west": {"uv": [0, 0, 16, 16], "texture": "#2"},
				"up": {"uv": [0, 0, 16, 16], "texture": "#2"},
				"down": {"uv": [0, 0, 16, 16], "texture": "#2"}
			}
		},
		{
			"from": [10.2, 16.5, 5.3],
			"to": [10.6, 17.9, 5.6],
			"rotation": {"angle": 22.5, "axis": "y", "origin": [10.4, 17.2, 5.45]},
			"faces": {
				"north": {"uv": [0, 0, 16, 16], "texture": "#2"},
				"east": {"uv": [0, 0, 16, 16], "texture": "#2"},
				"south": {"uv": [0, 0, 16, 16], "texture": "#2"},
				"west": {"uv": [0, 0, 16, 16], "texture": "#2"},
				"up": {"uv": [0, 0, 16, 16], "texture": "#2"},
				"down": {"uv": [0, 0, 16, 16], "texture": "#2"}
			}
		},
		{
			"from": [10.2, 16.5, 10.4],
			"to": [10.6, 17.9, 10.7],
			"rotation": {"angle": -22.5, "axis": "y", "origin": [10.4, 17.2, 10.55]},
			"faces": {
				"north": {"uv": [0, 0, 16, 16], "texture": "#2"},
				"east": {"uv": [0, 0, 16, 16], "texture": "#2"},
				"south": {"uv": [0, 0, 16, 16], "texture": "#2"},
				"west": {"uv": [0, 0, 16, 16], "texture": "#2"},
				"up": {"uv": [0, 0, 16, 16], "texture": "#2"},
				"down": {"uv": [0, 0, 16, 16], "texture": "#2"}
			}
		},
		{
			"from": [5.4, 16.5, 10.4],
			"to": [5.8, 17.9, 10.7],
			"rotation": {"angle": 22.5, "axis": "y", "origin": [5.6, 17.2, 10.55]},
			"faces": {
				"north": {"uv": [0, 0, 16, 16], "texture": "#2"},
				"east": {"uv": [0, 0, 16, 16], "texture": "#2"},
				"south": {"uv": [0, 0, 16, 16], "texture": "#2"},
				"west": {"uv": [0, 0, 16, 16], "texture": "#2"},
				"up": {"uv": [0, 0, 16, 16], "texture": "#2"},
				"down": {"uv": [0, 0, 16, 16], "texture": "#2"}
			}
		},
		{
			"from": [10.2, 17.9, 10.1],
			"to": [11, 20.2, 10.8],
			"faces": {
				"north": {"uv": [0, 0, 16, 16], "texture": "#1"},
				"east": {"uv": [0, 0, 16, 16], "texture": "#1"},
				"south": {"uv": [0, 0, 16, 16], "texture": "#1"},
				"west": {"uv": [0, 0, 16, 16], "texture": "#1"},
				"up": {"uv": [0, 0, 16, 16], "texture": "#1"},
				"down": {"uv": [0, 0, 16, 16], "texture": "#1"}
			}
		},
		{
			"from": [10.2, 17.9, 5.1],
			"to": [11, 20.2, 5.8],
			"faces": {
				"north": {"uv": [0, 0, 16, 16], "texture": "#1"},
				"east": {"uv": [0, 0, 16, 16], "texture": "#1"},
				"south": {"uv": [0, 0, 16, 16], "texture": "#1"},
				"west": {"uv": [0, 0, 16, 16], "texture": "#1"},
				"up": {"uv": [0, 0, 16, 16], "texture": "#1"},
				"down": {"uv": [0, 0, 16, 16], "texture": "#1"}
			}
		},
		{
			"from": [7.7, 20.7, 7.6],
			"to": [8.5, 20.8, 8.3],
			"faces": {
				"north": {"uv": [0, 0, 16, 16], "texture": "#4"},
				"east": {"uv": [0, 0, 16, 16], "texture": "#4"},
				"south": {"uv": [0, 0, 16, 16], "texture": "#4"},
				"west": {"uv": [0, 0, 16, 16], "texture": "#4"},
				"up": {"uv": [0, 0, 16, 16], "texture": "#4"},
				"down": {"uv": [0, 0, 16, 16], "texture": "#4"}
			}
		},
		{
			"from": [7.92346, 20.2, 6.41522],
			"to": [11.62346, 20.7, 6.91522],
			"rotation": {"angle": 45, "axis": "y", "origin": [9.57346, 20.3, 7.16522]},
			"faces": {
				"north": {"uv": [0, 0, 16, 16], "rotation": 270, "texture": "#1"},
				"east": {"uv": [0, 0, 16, 16], "rotation": 270, "texture": "#1"},
				"south": {"uv": [0, 0, 16, 16], "rotation": 270, "texture": "#1"},
				"west": {"uv": [0, 0, 16, 16], "rotation": 270, "texture": "#1"},
				"up": {"uv": [0, 0, 16, 16], "rotation": 270, "texture": "#1"},
				"down": {"uv": [0, 0, 16, 16], "rotation": 270, "texture": "#1"}
			}
		},
		{
			"from": [4.37654, 20.2, 6.41522],
			"to": [8.27654, 20.7, 6.91522],
			"rotation": {"angle": -45, "axis": "y", "origin": [6.42654, 20.3, 7.16522]},
			"faces": {
				"north": {"uv": [0, 0, 16, 16], "rotation": 270, "texture": "#1"},
				"east": {"uv": [0, 0, 16, 16], "rotation": 270, "texture": "#1"},
				"south": {"uv": [0, 0, 16, 16], "rotation": 270, "texture": "#1"},
				"west": {"uv": [0, 0, 16, 16], "rotation": 270, "texture": "#1"},
				"up": {"uv": [0, 0, 16, 16], "rotation": 270, "texture": "#1"},
				"down": {"uv": [0, 0, 16, 16], "rotation": 270, "texture": "#1"}
			}
		},
		{
			"from": [4.37654, 20.2, 9.08478],
			"to": [8.27654, 20.7, 9.58478],
			"rotation": {"angle": 45, "axis": "y", "origin": [6.42654, 20.3, 8.83478]},
			"faces": {
				"north": {"uv": [0, 0, 16, 16], "rotation": 270, "texture": "#1"},
				"east": {"uv": [0, 0, 16, 16], "rotation": 270, "texture": "#1"},
				"south": {"uv": [0, 0, 16, 16], "rotation": 270, "texture": "#1"},
				"west": {"uv": [0, 0, 16, 16], "rotation": 270, "texture": "#1"},
				"up": {"uv": [0, 0, 16, 16], "rotation": 270, "texture": "#1"},
				"down": {"uv": [0, 0, 16, 16], "rotation": 270, "texture": "#1"}
			}
		},
		{
			"from": [7.34062, 20.2, 9.00904],
			"to": [11.24062, 20.7, 9.50904],
			"rotation": {"angle": -45, "axis": "y", "origin": [9.29062, 20.3, 9.25904]},
			"faces": {
				"north": {"uv": [0, 0, 16, 16], "rotation": 270, "texture": "#1"},
				"east": {"uv": [0, 0, 16, 16], "rotation": 270, "texture": "#1"},
				"south": {"uv": [0, 0, 16, 16], "rotation": 270, "texture": "#1"},
				"west": {"uv": [0, 0, 16, 16], "rotation": 270, "texture": "#1"},
				"up": {"uv": [0, 0, 16, 16], "rotation": 270, "texture": "#1"},
				"down": {"uv": [0, 0, 16, 16], "rotation": 270, "texture": "#1"}
			}
		},
		{
			"from": [6.2, 18.3, 6.2],
			"to": [9.8, 20.3, 9.8],
			"faces": {
				"north": {"uv": [0, 0, 16, 16], "texture": "#6"},
				"east": {"uv": [0, 0, 16, 16], "texture": "#6"},
				"south": {"uv": [0, 0, 16, 16], "texture": "#6"},
				"west": {"uv": [0, 0, 16, 16], "texture": "#6"},
				"up": {"uv": [0, 0, 16, 16], "texture": "#6"},
				"down": {"uv": [0, 0, 16, 16], "texture": "#6"}
			}
		},
		{
			"from": [7.3, 18.8, 7.1],
			"to": [8.9, 19.8, 8.7],
			"rotation": {"angle": 0, "axis": "y", "origin": [16, 0, 0]},
			"faces": {
				"north": {"uv": [5, 3, 1, 8], "texture": "#5"},
				"east": {"uv": [5, 3, 1, 8], "texture": "#5"},
				"south": {"uv": [5, 3, 1, 8], "texture": "#5"},
				"west": {"uv": [5, 3, 1, 8], "texture": "#5"},
				"up": {"uv": [5, 3, 1, 8], "texture": "#5"},
				"down": {"uv": [5, 3, 1, 8], "texture": "#5"}
			}
		},
		{
			"from": [5.2, 18.2, 5.2],
			"to": [10.8, 18.2, 10.8],
			"faces": {
				"north": {"uv": [0, 0, 16, 16], "texture": "#1"},
				"east": {"uv": [0, 0, 16, 16], "texture": "#1"},
				"south": {"uv": [0, 0, 16, 16], "texture": "#1"},
				"west": {"uv": [0, 0, 16, 16], "texture": "#1"},
				"up": {"uv": [0, 0, 16, 16], "texture": "#1"},
				"down": {"uv": [0, 0, 16, 16], "texture": "#1"}
			}
		}
	],
	"display": {
		"thirdperson_righthand": {
			"translation": [0, -3, 2],
			"scale": [1, 1.78711, 1]
		},
		"firstperson_righthand": {
			"translation": [0, -2.5, 2],
			"scale": [1, 2.51719, 1]
		},
		"ground": {
			"translation": [0, 9.5, 2],
			"scale": [1, 1.67, 1]
		},
		"gui": {
			"rotation": [0, 0, -42.25],
			"translation": [-2.5, -2.25, 0]
		},
		"head": {
			"translation": [0, -8.75, -0.25],
			"scale": [1, 1.78711, 1]
		},
		"fixed": {
			"rotation": [-0.5, 0, 0],
			"translation": [0, 1, -7.5],
			"scale": [1, 1.77539, 1]
		}
	}
}