{
	"credit": "Кузня Максимус",
	"textures": {
		"0": "block/oak_planks",
		"1": "block/dark_oak_planks",
		"2": "block/black_concrete",
		"particle": "block/oak_planks"
	},
	"elements": [
		{
			"from": [7, 0, 7],
			"to": [10, 1, 8],
			"faces": {
				"north": {"uv": [0, 0, 16, 16], "texture": "#0"},
				"east": {"uv": [0, 0, 16, 16], "texture": "#0"},
				"south": {"uv": [0, 0, 16, 16], "texture": "#0"},
				"west": {"uv": [0, 0, 16, 16], "texture": "#0"},
				"up": {"uv": [0, 0, 16, 16], "texture": "#0"},
				"down": {"uv": [0, 0, 16, 16], "texture": "#0"}
			}
		},
		{
			"from": [8, 1, 7],
			"to": [9, 11, 8],
			"faces": {
				"north": {"uv": [0, 0, 16, 16], "texture": "#1"},
				"east": {"uv": [0, 0, 16, 16], "texture": "#1"},
				"south": {"uv": [0, 0, 16, 16], "texture": "#1"},
				"west": {"uv": [0, 0, 16, 16], "texture": "#1"},
				"up": {"uv": [0, 0, 16, 16], "texture": "#1"},
				"down": {"uv": [0, 0, 16, 16], "texture": "#1"}
			}
		},
		{
			"from": [7, 11, 6.3],
			"to": [10, 13, 8.6],
			"faces": {
				"north": {"uv": [0, 0, 15, 16], "texture": "#0"},
				"east": {"uv": [0, 0, 15, 16], "texture": "#0"},
				"south": {"uv": [0, 0, 15, 16], "texture": "#0"},
				"west": {"uv": [0, 0, 15, 16], "texture": "#0"},
				"up": {"uv": [0, 0, 15, 16], "texture": "#0"},
				"down": {"uv": [0, 0, 15, 16], "texture": "#0"}
			}
		},
		{
			"from": [4.6, 11, 6.6],
			"to": [5, 13, 8.5],
			"faces": {
				"north": {"uv": [0, 0, 15, 16], "texture": "#0"},
				"east": {"uv": [0, 0, 15, 16], "texture": "#0"},
				"south": {"uv": [0, 0, 15, 16], "texture": "#0"},
				"west": {"uv": [0, 0, 15, 16], "texture": "#0"},
				"up": {"uv": [0, 0, 15, 16], "texture": "#0"},
				"down": {"uv": [0, 0, 15, 16], "texture": "#0"}
			}
		},
		{
			"from": [12, 11, 6],
			"to": [12.5, 13, 9],
			"faces": {
				"north": {"uv": [0, 0, 15, 16], "texture": "#0"},
				"east": {"uv": [0, 0, 15, 16], "texture": "#0"},
				"south": {"uv": [0, 0, 15, 16], "texture": "#0"},
				"west": {"uv": [0, 0, 15, 16], "texture": "#0"},
				"up": {"uv": [0, 0, 15, 16], "texture": "#0"},
				"down": {"uv": [0, 0, 15, 16], "texture": "#0"}
			}
		},
		{
			"from": [10, 11, 7],
			"to": [12, 13, 8],
			"faces": {
				"north": {"uv": [0, 0, 15, 16], "texture": "#0"},
				"east": {"uv": [0, 0, 15, 16], "texture": "#0"},
				"south": {"uv": [0, 0, 15, 16], "texture": "#0"},
				"west": {"uv": [0, 0, 15, 16], "texture": "#0"},
				"up": {"uv": [0, 0, 15, 16], "texture": "#0"},
				"down": {"uv": [0, 0, 15, 16], "texture": "#0"}
			}
		},
		{
			"from": [5, 11, 7],
			"to": [7, 13, 8],
			"faces": {
				"north": {"uv": [0, 0, 15, 16], "texture": "#0"},
				"east": {"uv": [0, 0, 15, 16], "texture": "#0"},
				"south": {"uv": [0, 0, 15, 16], "texture": "#0"},
				"west": {"uv": [0, 0, 15, 16], "texture": "#0"},
				"up": {"uv": [0, 0, 15, 16], "texture": "#0"},
				"down": {"uv": [0, 0, 15, 16], "texture": "#0"}
			}
		},
		{
			"from": [7.9, 8.8, 7.7],
			"to": [8, 8.9, 7.8],
			"faces": {
				"north": {"uv": [0, 0, 15, 15], "texture": "#2"},
				"east": {"uv": [0, 0, 15, 15], "texture": "#2"},
				"south": {"uv": [0, 0, 15, 15], "texture": "#2"},
				"west": {"uv": [0, 0, 15, 15], "texture": "#2"},
				"up": {"uv": [0, 0, 15, 15], "texture": "#2"},
				"down": {"uv": [0, 0, 15, 15], "texture": "#2"}
			}
		},
		{
			"from": [7.9, 8.8, 7.6],
			"to": [8, 8.9, 7.7],
			"faces": {
				"north": {"uv": [0, 0, 15, 15], "texture": "#2"},
				"east": {"uv": [0, 0, 15, 15], "texture": "#2"},
				"south": {"uv": [0, 0, 15, 15], "texture": "#2"},
				"west": {"uv": [0, 0, 15, 15], "texture": "#2"},
				"up": {"uv": [0, 0, 15, 15], "texture": "#2"},
				"down": {"uv": [0, 0, 15, 15], "texture": "#2"}
			}
		},
		{
			"from": [7.9, 8.7, 7.5],
			"to": [8, 8.8, 7.6],
			"faces": {
				"north": {"uv": [0, 0, 15, 15], "texture": "#2"},
				"east": {"uv": [0, 0, 15, 15], "texture": "#2"},
				"south": {"uv": [0, 0, 15, 15], "texture": "#2"},
				"west": {"uv": [0, 0, 15, 15], "texture": "#2"},
				"up": {"uv": [0, 0, 15, 15], "texture": "#2"},
				"down": {"uv": [0, 0, 15, 15], "texture": "#2"}
			}
		},
		{
			"from": [7.9, 8.6, 7.4],
			"to": [8, 8.7, 7.5],
			"faces": {
				"north": {"uv": [0, 0, 15, 15], "texture": "#2"},
				"east": {"uv": [0, 0, 15, 15], "texture": "#2"},
				"south": {"uv": [0, 0, 15, 15], "texture": "#2"},
				"west": {"uv": [0, 0, 15, 15], "texture": "#2"},
				"up": {"uv": [0, 0, 15, 15], "texture": "#2"},
				"down": {"uv": [0, 0, 15, 15], "texture": "#2"}
			}
		},
		{
			"from": [7.9, 8.5, 7.5],
			"to": [8, 8.6, 7.6],
			"faces": {
				"north": {"uv": [0, 0, 15, 15], "texture": "#2"},
				"east": {"uv": [0, 0, 15, 15], "texture": "#2"},
				"south": {"uv": [0, 0, 15, 15], "texture": "#2"},
				"west": {"uv": [0, 0, 15, 15], "texture": "#2"},
				"up": {"uv": [0, 0, 15, 15], "texture": "#2"},
				"down": {"uv": [0, 0, 15, 15], "texture": "#2"}
			}
		},
		{
			"from": [7.9, 8.4, 7.6],
			"to": [8, 8.5, 7.7],
			"faces": {
				"north": {"uv": [0, 0, 15, 15], "texture": "#2"},
				"east": {"uv": [0, 0, 15, 15], "texture": "#2"},
				"south": {"uv": [0, 0, 15, 15], "texture": "#2"},
				"west": {"uv": [0, 0, 15, 15], "texture": "#2"},
				"up": {"uv": [0, 0, 15, 15], "texture": "#2"},
				"down": {"uv": [0, 0, 15, 15], "texture": "#2"}
			}
		},
		{
			"from": [7.9, 8.3, 7.5],
			"to": [8, 8.4, 7.6],
			"faces": {
				"north": {"uv": [0, 0, 15, 15], "texture": "#2"},
				"east": {"uv": [0, 0, 15, 15], "texture": "#2"},
				"south": {"uv": [0, 0, 15, 15], "texture": "#2"},
				"west": {"uv": [0, 0, 15, 15], "texture": "#2"},
				"up": {"uv": [0, 0, 15, 15], "texture": "#2"},
				"down": {"uv": [0, 0, 15, 15], "texture": "#2"}
			}
		},
		{
			"from": [7.9, 8.3, 7.4],
			"to": [8, 8.4, 7.5],
			"faces": {
				"north": {"uv": [0, 0, 15, 15], "texture": "#2"},
				"east": {"uv": [0, 0, 15, 15], "texture": "#2"},
				"south": {"uv": [0, 0, 15, 15], "texture": "#2"},
				"west": {"uv": [0, 0, 15, 15], "texture": "#2"},
				"up": {"uv": [0, 0, 15, 15], "texture": "#2"},
				"down": {"uv": [0, 0, 15, 15], "texture": "#2"}
			}
		},
		{
			"from": [7.9, 7.6, 7.4],
			"to": [8, 7.7, 7.5],
			"faces": {
				"north": {"uv": [0, 0, 15, 15], "texture": "#2"},
				"east": {"uv": [0, 0, 15, 15], "texture": "#2"},
				"south": {"uv": [0, 0, 15, 15], "texture": "#2"},
				"west": {"uv": [0, 0, 15, 15], "texture": "#2"},
				"up": {"uv": [0, 0, 15, 15], "texture": "#2"},
				"down": {"uv": [0, 0, 15, 15], "texture": "#2"}
			}
		},
		{
			"from": [7.9, 7.7, 7.4],
			"to": [8, 7.8, 7.5],
			"faces": {
				"north": {"uv": [0, 0, 15, 15], "texture": "#2"},
				"east": {"uv": [0, 0, 15, 15], "texture": "#2"},
				"south": {"uv": [0, 0, 15, 15], "texture": "#2"},
				"west": {"uv": [0, 0, 15, 15], "texture": "#2"},
				"up": {"uv": [0, 0, 15, 15], "texture": "#2"},
				"down": {"uv": [0, 0, 15, 15], "texture": "#2"}
			}
		},
		{
			"from": [7.9, 7.8, 7.4],
			"to": [8, 7.9, 7.5],
			"faces": {
				"north": {"uv": [0, 0, 15, 15], "texture": "#2"},
				"east": {"uv": [0, 0, 15, 15], "texture": "#2"},
				"south": {"uv": [0, 0, 15, 15], "texture": "#2"},
				"west": {"uv": [0, 0, 15, 15], "texture": "#2"},
				"up": {"uv": [0, 0, 15, 15], "texture": "#2"},
				"down": {"uv": [0, 0, 15, 15], "texture": "#2"}
			}
		},
		{
			"from": [7.9, 7.9, 7.4],
			"to": [8, 8, 7.5],
			"faces": {
				"north": {"uv": [0, 0, 15, 15], "texture": "#2"},
				"east": {"uv": [0, 0, 15, 15], "texture": "#2"},
				"south": {"uv": [0, 0, 15, 15], "texture": "#2"},
				"west": {"uv": [0, 0, 15, 15], "texture": "#2"},
				"up": {"uv": [0, 0, 15, 15], "texture": "#2"},
				"down": {"uv": [0, 0, 15, 15], "texture": "#2"}
			}
		},
		{
			"from": [7.9, 8, 7.4],
			"to": [8, 8.1, 7.5],
			"faces": {
				"north": {"uv": [0, 0, 15, 15], "texture": "#2"},
				"east": {"uv": [0, 0, 15, 15], "texture": "#2"},
				"south": {"uv": [0, 0, 15, 15], "texture": "#2"},
				"west": {"uv": [0, 0, 15, 15], "texture": "#2"},
				"up": {"uv": [0, 0, 15, 15], "texture": "#2"},
				"down": {"uv": [0, 0, 15, 15], "texture": "#2"}
			}
		},
		{
			"from": [7.9, 7.9, 7.5],
			"to": [8, 8, 7.6],
			"faces": {
				"north": {"uv": [0, 0, 15, 15], "texture": "#2"},
				"east": {"uv": [0, 0, 15, 15], "texture": "#2"},
				"south": {"uv": [0, 0, 15, 15], "texture": "#2"},
				"west": {"uv": [0, 0, 15, 15], "texture": "#2"},
				"up": {"uv": [0, 0, 15, 15], "texture": "#2"},
				"down": {"uv": [0, 0, 15, 15], "texture": "#2"}
			}
		},
		{
			"from": [7.9, 7.9, 7.5],
			"to": [8, 8, 7.6],
			"color": 0,
			"faces": {
				"north": {"uv": [0, 0, 0.1, 0.1], "texture": "#missing"},
				"east": {"uv": [0, 0, 0.1, 0.1], "texture": "#missing"},
				"south": {"uv": [0, 0, 0.1, 0.1], "texture": "#missing"},
				"west": {"uv": [0, 0, 0.1, 0.1], "texture": "#missing"},
				"up": {"uv": [0, 0, 0.1, 0.1], "texture": "#missing"},
				"down": {"uv": [0, 0, 0.1, 0.1], "texture": "#missing"}
			}
		},
		{
			"from": [7.9, 7.9, 7.5],
			"to": [8, 8, 7.6],
			"color": 0,
			"faces": {
				"north": {"uv": [0, 0, 0.1, 0.1], "texture": "#missing"},
				"east": {"uv": [0, 0, 0.1, 0.1], "texture": "#missing"},
				"south": {"uv": [0, 0, 0.1, 0.1], "texture": "#missing"},
				"west": {"uv": [0, 0, 0.1, 0.1], "texture": "#missing"},
				"up": {"uv": [0, 0, 0.1, 0.1], "texture": "#missing"},
				"down": {"uv": [0, 0, 0.1, 0.1], "texture": "#missing"}
			}
		},
		{
			"from": [7.9, 7.8, 7.6],
			"to": [8, 7.9, 7.7],
			"faces": {
				"north": {"uv": [0, 0, 15, 15], "texture": "#2"},
				"east": {"uv": [0, 0, 15, 15], "texture": "#2"},
				"south": {"uv": [0, 0, 15, 15], "texture": "#2"},
				"west": {"uv": [0, 0, 15, 15], "texture": "#2"},
				"up": {"uv": [0, 0, 15, 15], "texture": "#2"},
				"down": {"uv": [0, 0, 15, 15], "texture": "#2"}
			}
		},
		{
			"from": [7.9, 7.9, 7.7],
			"to": [8, 8, 7.8],
			"faces": {
				"north": {"uv": [0, 0, 15, 15], "texture": "#2"},
				"east": {"uv": [0, 0, 15, 15], "texture": "#2"},
				"south": {"uv": [0, 0, 15, 15], "texture": "#2"},
				"west": {"uv": [0, 0, 15, 15], "texture": "#2"},
				"up": {"uv": [0, 0, 15, 15], "texture": "#2"},
				"down": {"uv": [0, 0, 15, 15], "texture": "#2"}
			}
		},
		{
			"from": [7.9, 8, 7.8],
			"to": [8, 8.1, 7.9],
			"faces": {
				"north": {"uv": [0, 0, 15, 15], "texture": "#2"},
				"east": {"uv": [0, 0, 15, 15], "texture": "#2"},
				"south": {"uv": [0, 0, 15, 15], "texture": "#2"},
				"west": {"uv": [0, 0, 15, 15], "texture": "#2"},
				"up": {"uv": [0, 0, 15, 15], "texture": "#2"},
				"down": {"uv": [0, 0, 15, 15], "texture": "#2"}
			}
		},
		{
			"from": [7.9, 7.9, 7.8],
			"to": [8, 8, 7.9],
			"faces": {
				"north": {"uv": [0, 0, 15, 15], "texture": "#2"},
				"east": {"uv": [0, 0, 15, 15], "texture": "#2"},
				"south": {"uv": [0, 0, 15, 15], "texture": "#2"},
				"west": {"uv": [0, 0, 15, 15], "texture": "#2"},
				"up": {"uv": [0, 0, 15, 15], "texture": "#2"},
				"down": {"uv": [0, 0, 15, 15], "texture": "#2"}
			}
		},
		{
			"from": [7.9, 7.8, 7.8],
			"to": [8, 7.9, 7.9],
			"faces": {
				"north": {"uv": [0, 0, 15, 15], "texture": "#2"},
				"east": {"uv": [0, 0, 15, 15], "texture": "#2"},
				"south": {"uv": [0, 0, 15, 15], "texture": "#2"},
				"west": {"uv": [0, 0, 15, 15], "texture": "#2"},
				"up": {"uv": [0, 0, 15, 15], "texture": "#2"},
				"down": {"uv": [0, 0, 15, 15], "texture": "#2"}
			}
		},
		{
			"from": [7.9, 7.7, 7.8],
			"to": [8, 7.8, 7.9],
			"faces": {
				"north": {"uv": [0, 0, 15, 15], "texture": "#2"},
				"east": {"uv": [0, 0, 15, 15], "texture": "#2"},
				"south": {"uv": [0, 0, 15, 15], "texture": "#2"},
				"west": {"uv": [0, 0, 15, 15], "texture": "#2"},
				"up": {"uv": [0, 0, 15, 15], "texture": "#2"},
				"down": {"uv": [0, 0, 15, 15], "texture": "#2"}
			}
		},
		{
			"from": [7.9, 7.6, 7.8],
			"to": [8, 7.7, 7.9],
			"faces": {
				"north": {"uv": [0, 0, 15, 15], "texture": "#2"},
				"east": {"uv": [0, 0, 15, 15], "texture": "#2"},
				"south": {"uv": [0, 0, 15, 15], "texture": "#2"},
				"west": {"uv": [0, 0, 15, 15], "texture": "#2"},
				"up": {"uv": [0, 0, 15, 15], "texture": "#2"},
				"down": {"uv": [0, 0, 15, 15], "texture": "#2"}
			}
		},
		{
			"from": [7.9, 6.8, 7.4],
			"to": [8, 6.9, 7.5],
			"faces": {
				"north": {"uv": [0, 0, 15, 15], "texture": "#2"},
				"east": {"uv": [0, 0, 15, 15], "texture": "#2"},
				"south": {"uv": [0, 0, 15, 15], "texture": "#2"},
				"west": {"uv": [0, 0, 15, 15], "texture": "#2"},
				"up": {"uv": [0, 0, 15, 15], "texture": "#2"},
				"down": {"uv": [0, 0, 15, 15], "texture": "#2"}
			}
		},
		{
			"from": [7.9, 6.2, 7.4],
			"to": [8, 6.3, 7.5],
			"faces": {
				"north": {"uv": [0, 0, 15, 15], "texture": "#2"},
				"east": {"uv": [0, 0, 15, 15], "texture": "#2"},
				"south": {"uv": [0, 0, 15, 15], "texture": "#2"},
				"west": {"uv": [0, 0, 15, 15], "texture": "#2"},
				"up": {"uv": [0, 0, 15, 15], "texture": "#2"},
				"down": {"uv": [0, 0, 15, 15], "texture": "#2"}
			}
		},
		{
			"from": [7.9, 6.3, 7.5],
			"to": [8, 6.4, 7.6],
			"faces": {
				"north": {"uv": [0, 0, 15, 15], "texture": "#2"},
				"east": {"uv": [0, 0, 15, 15], "texture": "#2"},
				"south": {"uv": [0, 0, 15, 15], "texture": "#2"},
				"west": {"uv": [0, 0, 15, 15], "texture": "#2"},
				"up": {"uv": [0, 0, 15, 15], "texture": "#2"},
				"down": {"uv": [0, 0, 15, 15], "texture": "#2"}
			}
		},
		{
			"from": [7.9, 6.4, 7.6],
			"to": [8, 6.5, 7.7],
			"faces": {
				"north": {"uv": [0, 0, 15, 15], "texture": "#2"},
				"east": {"uv": [0, 0, 15, 15], "texture": "#2"},
				"south": {"uv": [0, 0, 15, 15], "texture": "#2"},
				"west": {"uv": [0, 0, 15, 15], "texture": "#2"},
				"up": {"uv": [0, 0, 15, 15], "texture": "#2"},
				"down": {"uv": [0, 0, 15, 15], "texture": "#2"}
			}
		},
		{
			"from": [7.9, 6.5, 7.7],
			"to": [8, 6.6, 7.8],
			"faces": {
				"north": {"uv": [0, 0, 15, 15], "texture": "#2"},
				"east": {"uv": [0, 0, 15, 15], "texture": "#2"},
				"south": {"uv": [0, 0, 15, 15], "texture": "#2"},
				"west": {"uv": [0, 0, 15, 15], "texture": "#2"},
				"up": {"uv": [0, 0, 15, 15], "texture": "#2"},
				"down": {"uv": [0, 0, 15, 15], "texture": "#2"}
			}
		},
		{
			"from": [7.9, 6.6, 7.8],
			"to": [8, 6.7, 7.9],
			"faces": {
				"north": {"uv": [0, 0, 15, 15], "texture": "#2"},
				"east": {"uv": [0, 0, 15, 15], "texture": "#2"},
				"south": {"uv": [0, 0, 15, 15], "texture": "#2"},
				"west": {"uv": [0, 0, 15, 15], "texture": "#2"},
				"up": {"uv": [0, 0, 15, 15], "texture": "#2"},
				"down": {"uv": [0, 0, 15, 15], "texture": "#2"}
			}
		},
		{
			"from": [7.9, 6.3, 7.7],
			"to": [8, 6.4, 7.8],
			"faces": {
				"north": {"uv": [0, 0, 15, 15], "texture": "#2"},
				"east": {"uv": [0, 0, 15, 15], "texture": "#2"},
				"south": {"uv": [0, 0, 15, 15], "texture": "#2"},
				"west": {"uv": [0, 0, 15, 15], "texture": "#2"},
				"up": {"uv": [0, 0, 15, 15], "texture": "#2"},
				"down": {"uv": [0, 0, 15, 15], "texture": "#2"}
			}
		},
		{
			"from": [7.9, 6.2, 7.8],
			"to": [8, 6.3, 7.9],
			"faces": {
				"north": {"uv": [0, 0, 15, 15], "texture": "#2"},
				"east": {"uv": [0, 0, 15, 15], "texture": "#2"},
				"south": {"uv": [0, 0, 15, 15], "texture": "#2"},
				"west": {"uv": [0, 0, 15, 15], "texture": "#2"},
				"up": {"uv": [0, 0, 15, 15], "texture": "#2"},
				"down": {"uv": [0, 0, 15, 15], "texture": "#2"}
			}
		},
		{
			"from": [7.9, 6.6, 7.4],
			"to": [8, 6.7, 7.5],
			"faces": {
				"north": {"uv": [0, 0, 15, 15], "texture": "#2"},
				"east": {"uv": [0, 0, 15, 15], "texture": "#2"},
				"south": {"uv": [0, 0, 15, 15], "texture": "#2"},
				"west": {"uv": [0, 0, 15, 15], "texture": "#2"},
				"up": {"uv": [0, 0, 15, 15], "texture": "#2"},
				"down": {"uv": [0, 0, 15, 15], "texture": "#2"}
			}
		},
		{
			"from": [7.9, 6.5, 7.5],
			"to": [8, 6.6, 7.6],
			"faces": {
				"north": {"uv": [0, 0, 15, 15], "texture": "#2"},
				"east": {"uv": [0, 0, 15, 15], "texture": "#2"},
				"south": {"uv": [0, 0, 15, 15], "texture": "#2"},
				"west": {"uv": [0, 0, 15, 15], "texture": "#2"},
				"up": {"uv": [0, 0, 15, 15], "texture": "#2"},
				"down": {"uv": [0, 0, 15, 15], "texture": "#2"}
			}
		},
		{
			"from": [7.9, 6.5, 7.5],
			"to": [8, 6.6, 7.6],
			"color": 0,
			"faces": {
				"north": {"uv": [0, 0, 0.1, 0.1], "texture": "#missing"},
				"east": {"uv": [0, 0, 0.1, 0.1], "texture": "#missing"},
				"south": {"uv": [0, 0, 0.1, 0.1], "texture": "#missing"},
				"west": {"uv": [0, 0, 0.1, 0.1], "texture": "#missing"},
				"up": {"uv": [0, 0, 0.1, 0.1], "texture": "#missing"},
				"down": {"uv": [0, 0, 0.1, 0.1], "texture": "#missing"}
			}
		},
		{
			"from": [7.9, 6.9, 7.4],
			"to": [8, 7, 7.5],
			"faces": {
				"north": {"uv": [0, 0, 15, 15], "texture": "#2"},
				"east": {"uv": [0, 0, 15, 15], "texture": "#2"},
				"south": {"uv": [0, 0, 15, 15], "texture": "#2"},
				"west": {"uv": [0, 0, 15, 15], "texture": "#2"},
				"up": {"uv": [0, 0, 15, 15], "texture": "#2"},
				"down": {"uv": [0, 0, 15, 15], "texture": "#2"}
			}
		},
		{
			"from": [7.9, 7, 7.5],
			"to": [8, 7.1, 7.6],
			"faces": {
				"north": {"uv": [0, 0, 15, 15], "texture": "#2"},
				"east": {"uv": [0, 0, 15, 15], "texture": "#2"},
				"south": {"uv": [0, 0, 15, 15], "texture": "#2"},
				"west": {"uv": [0, 0, 15, 15], "texture": "#2"},
				"up": {"uv": [0, 0, 15, 15], "texture": "#2"},
				"down": {"uv": [0, 0, 15, 15], "texture": "#2"}
			}
		},
		{
			"from": [7.9, 7.1, 7.5],
			"to": [8, 7.2, 7.6],
			"faces": {
				"north": {"uv": [0, 0, 15, 15], "texture": "#2"},
				"east": {"uv": [0, 0, 15, 15], "texture": "#2"},
				"south": {"uv": [0, 0, 15, 15], "texture": "#2"},
				"west": {"uv": [0, 0, 15, 15], "texture": "#2"},
				"up": {"uv": [0, 0, 15, 15], "texture": "#2"},
				"down": {"uv": [0, 0, 15, 15], "texture": "#2"}
			}
		},
		{
			"from": [7.9, 7.2, 7.6],
			"to": [8, 7.3, 7.7],
			"faces": {
				"north": {"uv": [0, 0, 15, 15], "texture": "#2"},
				"east": {"uv": [0, 0, 15, 15], "texture": "#2"},
				"south": {"uv": [0, 0, 15, 15], "texture": "#2"},
				"west": {"uv": [0, 0, 15, 15], "texture": "#2"},
				"up": {"uv": [0, 0, 15, 15], "texture": "#2"},
				"down": {"uv": [0, 0, 15, 15], "texture": "#2"}
			}
		},
		{
			"from": [7.9, 7.1, 7.7],
			"to": [8, 7.2, 7.8],
			"faces": {
				"north": {"uv": [0, 0, 15, 15], "texture": "#2"},
				"east": {"uv": [0, 0, 15, 15], "texture": "#2"},
				"south": {"uv": [0, 0, 15, 15], "texture": "#2"},
				"west": {"uv": [0, 0, 15, 15], "texture": "#2"},
				"up": {"uv": [0, 0, 15, 15], "texture": "#2"},
				"down": {"uv": [0, 0, 15, 15], "texture": "#2"}
			}
		},
		{
			"from": [7.9, 7, 7.7],
			"to": [8, 7.1, 7.8],
			"faces": {
				"north": {"uv": [0, 0, 15, 15], "texture": "#2"},
				"east": {"uv": [0, 0, 15, 15], "texture": "#2"},
				"south": {"uv": [0, 0, 15, 15], "texture": "#2"},
				"west": {"uv": [0, 0, 15, 15], "texture": "#2"},
				"up": {"uv": [0, 0, 15, 15], "texture": "#2"},
				"down": {"uv": [0, 0, 15, 15], "texture": "#2"}
			}
		},
		{
			"from": [7.9, 6.9, 7.8],
			"to": [8, 7, 7.9],
			"faces": {
				"north": {"uv": [0, 0, 15, 15], "texture": "#2"},
				"east": {"uv": [0, 0, 15, 15], "texture": "#2"},
				"south": {"uv": [0, 0, 15, 15], "texture": "#2"},
				"west": {"uv": [0, 0, 15, 15], "texture": "#2"},
				"up": {"uv": [0, 0, 15, 15], "texture": "#2"},
				"down": {"uv": [0, 0, 15, 15], "texture": "#2"}
			}
		},
		{
			"from": [7.9, 6.8, 7.8],
			"to": [8, 6.9, 7.9],
			"faces": {
				"north": {"uv": [0, 0, 15, 15], "texture": "#2"},
				"east": {"uv": [0, 0, 15, 15], "texture": "#2"},
				"south": {"uv": [0, 0, 15, 15], "texture": "#2"},
				"west": {"uv": [0, 0, 15, 15], "texture": "#2"},
				"up": {"uv": [0, 0, 15, 15], "texture": "#2"},
				"down": {"uv": [0, 0, 15, 15], "texture": "#2"}
			}
		},
		{
			"from": [7.9, 6.8, 7.8],
			"to": [8, 6.9, 7.9],
			"color": 0,
			"faces": {
				"north": {"uv": [0, 0, 0.1, 0.1], "texture": "#missing"},
				"east": {"uv": [0, 0, 0.1, 0.1], "texture": "#missing"},
				"south": {"uv": [0, 0, 0.1, 0.1], "texture": "#missing"},
				"west": {"uv": [0, 0, 0.1, 0.1], "texture": "#missing"},
				"up": {"uv": [0, 0, 0.1, 0.1], "texture": "#missing"},
				"down": {"uv": [0, 0, 0.1, 0.1], "texture": "#missing"}
			}
		},
		{
			"from": [7.9, 7, 7.6],
			"to": [8, 7.1, 7.7],
			"faces": {
				"north": {"uv": [0, 0, 15, 15], "texture": "#2"},
				"east": {"uv": [0, 0, 15, 15], "texture": "#2"},
				"south": {"uv": [0, 0, 15, 15], "texture": "#2"},
				"west": {"uv": [0, 0, 15, 15], "texture": "#2"},
				"up": {"uv": [0, 0, 15, 15], "texture": "#2"},
				"down": {"uv": [0, 0, 15, 15], "texture": "#2"}
			}
		}
	],
	"display": {
		"thirdperson_righthand": {
			"rotation": [0, 90, -2],
			"translation": [0, 2.5, -0.25]
		},
		"thirdperson_lefthand": {
			"rotation": [0, 90, 0],
			"translation": [0, 2.5, -1]
		},
		"firstperson_righthand": {
			"rotation": [0, 90, 0],
			"translation": [0, 3.75, 0]
		},
		"firstperson_lefthand": {
			"rotation": [0, -90, 0],
			"translation": [0, 4, 0]
		},
		"ground": {
			"translation": [0, 4.25, 0]
		},
		"head": {
			"translation": [0, 15.25, 0]
		}
	}
}