{
	"credit": "By Maximka",
	"textures": {
		"0": "block/iron_block",
		"1": "block/dark_oak_planks",
		"2": "block/black_concrete",
		"4": "block/magma",
		"5": "block/gold_block",
		"6": "block/diamond_block",
		"7": "block/soul_sand",
		"8": "block/spawner",
		"9": "block/stonecutter_saw",
		"particle": "block/iron_block"
	},
	"elements": [
		{
			"from": [7.7, 4, 7.7],
			"to": [8.3, 16, 8.3],
			"faces": {
				"north": {"uv": [0, 0, 16, 15], "rotation": 90, "texture": "#1"},
				"east": {"uv": [0, 0, 16, 15], "rotation": 90, "texture": "#1"},
				"south": {"uv": [0, 0, 16, 15], "rotation": 90, "texture": "#1"},
				"west": {"uv": [0, 0, 16, 15], "rotation": 90, "texture": "#1"},
				"up": {"uv": [0, 0, 16, 15], "rotation": 90, "texture": "#1"},
				"down": {"uv": [0, 0, 16, 15], "rotation": 90, "texture": "#1"}
			}
		},
		{
			"from": [7.45, 8, 7.45],
			"to": [8.45, 8.8, 8.45],
			"faces": {
				"north": {"uv": [0, 0, 15, 15], "texture": "#2"},
				"east": {"uv": [0, 0, 15, 15], "texture": "#2"},
				"south": {"uv": [0, 0, 15, 15], "texture": "#2"},
				"west": {"uv": [0, 0, 15, 15], "texture": "#2"},
				"up": {"uv": [0, 0, 15, 15], "texture": "#2"},
				"down": {"uv": [0, 0, 15, 15], "texture": "#2"}
			}
		},
		{
			"from": [7.7, 8.15, 7],
			"to": [8.2, 8.65, 7.5],
			"faces": {
				"north": {"uv": [0, 0, 15, 15], "texture": "#5"},
				"east": {"uv": [0, 0, 15, 15], "texture": "#5"},
				"south": {"uv": [0, 0, 15, 15], "texture": "#5"},
				"west": {"uv": [0, 0, 15, 15], "texture": "#5"},
				"up": {"uv": [0, 0, 15, 15], "texture": "#5"},
				"down": {"uv": [0, 0, 15, 15], "texture": "#5"}
			}
		},
		{
			"from": [7.7, 7.65, 6.5],
			"to": [8.2, 8.15, 7],
			"rotation": {"angle": 0, "axis": "y", "origin": [0, 0, 0.8]},
			"faces": {
				"north": {"uv": [0, 0, 15, 15], "texture": "#5"},
				"east": {"uv": [0, 0, 15, 15], "texture": "#5"},
				"south": {"uv": [0, 0, 15, 15], "texture": "#5"},
				"west": {"uv": [0, 0, 15, 15], "texture": "#5"},
				"up": {"uv": [0, 0, 15, 15], "texture": "#5"},
				"down": {"uv": [0, 0, 15, 15], "texture": "#5"}
			}
		},
		{
			"from": [7.8, 7.9353, 6.67664],
			"to": [8.2, 8.4353, 7.17664],
			"rotation": {"angle": 0, "axis": "y", "origin": [7.95, 8.2853, 6.82664]},
			"faces": {
				"north": {"uv": [0, 0, 15, 15], "texture": "#5"},
				"east": {"uv": [0, 0, 15, 15], "texture": "#5"},
				"south": {"uv": [0, 0, 15, 15], "texture": "#5"},
				"west": {"uv": [0, 0, 15, 15], "texture": "#5"},
				"up": {"uv": [0, 0, 15, 15], "texture": "#5"},
				"down": {"uv": [0, 0, 15, 15], "texture": "#5"}
			}
		},
		{
			"from": [7.8, 7.4353, 6.17664],
			"to": [8.2, 7.9353, 6.67664],
			"rotation": {"angle": 0, "axis": "y", "origin": [7.95, 8.2853, 6.82664]},
			"faces": {
				"north": {"uv": [0, 0, 15, 15], "texture": "#5"},
				"east": {"uv": [0, 0, 15, 15], "texture": "#5"},
				"south": {"uv": [0, 0, 15, 15], "texture": "#5"},
				"west": {"uv": [0, 0, 15, 15], "texture": "#5"},
				"up": {"uv": [0, 0, 15, 15], "texture": "#5"},
				"down": {"uv": [0, 0, 15, 15], "texture": "#5"}
			}
		},
		{
			"from": [7.8, 4.9353, 6.17664],
			"to": [8.2, 5.4353, 6.67664],
			"rotation": {"angle": 0, "axis": "y", "origin": [7.95, 8.2853, 6.82664]},
			"faces": {
				"north": {"uv": [0, 0, 15, 15], "texture": "#5"},
				"east": {"uv": [0, 0, 15, 15], "texture": "#5"},
				"south": {"uv": [0, 0, 15, 15], "texture": "#5"},
				"west": {"uv": [0, 0, 15, 15], "texture": "#5"},
				"up": {"uv": [0, 0, 15, 15], "texture": "#5"},
				"down": {"uv": [0, 0, 15, 15], "texture": "#5"}
			}
		},
		{
			"from": [7.8, 4.4353, 6.67664],
			"to": [8.2, 4.9353, 7.17664],
			"rotation": {"angle": 0, "axis": "y", "origin": [7.95, 8.2853, 6.82664]},
			"faces": {
				"north": {"uv": [0, 0, 15, 15], "texture": "#5"},
				"east": {"uv": [0, 0, 15, 15], "texture": "#5"},
				"south": {"uv": [0, 0, 15, 15], "texture": "#5"},
				"west": {"uv": [0, 0, 15, 15], "texture": "#5"},
				"up": {"uv": [0, 0, 15, 15], "texture": "#5"},
				"down": {"uv": [0, 0, 15, 15], "texture": "#5"}
			}
		},
		{
			"from": [7.7, 7.15, 6],
			"to": [8.2, 7.65, 6.5],
			"rotation": {"angle": 0, "axis": "y", "origin": [0, 0.5, 0.3]},
			"faces": {
				"north": {"uv": [0, 0, 15, 15], "texture": "#5"},
				"east": {"uv": [0, 0, 15, 15], "texture": "#5"},
				"south": {"uv": [0, 0, 15, 15], "texture": "#5"},
				"west": {"uv": [0, 0, 15, 15], "texture": "#5"},
				"up": {"uv": [0, 0, 15, 15], "texture": "#5"},
				"down": {"uv": [0, 0, 15, 15], "texture": "#5"}
			}
		},
		{
			"from": [7.7, 5.65, 6],
			"to": [8.2, 7.15, 6.5],
			"faces": {
				"north": {"uv": [0, 0, 15, 15], "texture": "#5"},
				"east": {"uv": [0, 0, 15, 15], "texture": "#5"},
				"south": {"uv": [0, 0, 15, 15], "texture": "#5"},
				"west": {"uv": [0, 0, 15, 15], "texture": "#5"},
				"up": {"uv": [0, 0, 15, 15], "texture": "#5"},
				"down": {"uv": [0, 0, 15, 15], "texture": "#5"}
			}
		},
		{
			"from": [7.7, 4.65, 6.5],
			"to": [8.2, 5.15, 7],
			"rotation": {"angle": 0, "axis": "y", "origin": [0, -1, -2]},
			"faces": {
				"north": {"uv": [0, 0, 15, 15], "texture": "#5"},
				"east": {"uv": [0, 0, 15, 15], "texture": "#5"},
				"south": {"uv": [0, 0, 15, 15], "texture": "#5"},
				"west": {"uv": [0, 0, 15, 15], "texture": "#5"},
				"up": {"uv": [0, 0, 15, 15], "texture": "#5"},
				"down": {"uv": [0, 0, 15, 15], "texture": "#5"}
			}
		},
		{
			"from": [7.7, 5.15, 6],
			"to": [8.2, 5.65, 6.5],
			"rotation": {"angle": 0, "axis": "y", "origin": [0, -0.5, -0.5]},
			"faces": {
				"north": {"uv": [0, 0, 15, 15], "texture": "#5"},
				"east": {"uv": [0, 0, 15, 15], "texture": "#5"},
				"south": {"uv": [0, 0, 15, 15], "texture": "#5"},
				"west": {"uv": [0, 0, 15, 15], "texture": "#5"},
				"up": {"uv": [0, 0, 15, 15], "texture": "#5"},
				"down": {"uv": [0, 0, 15, 15], "texture": "#5"}
			}
		},
		{
			"from": [7.7, 4.15, 7],
			"to": [8.2, 4.65, 7.5],
			"rotation": {"angle": 0, "axis": "y", "origin": [0, -1.5, -2.5]},
			"faces": {
				"north": {"uv": [0, 0, 15, 15], "texture": "#5"},
				"east": {"uv": [0, 0, 15, 15], "texture": "#5"},
				"south": {"uv": [0, 0, 15, 15], "texture": "#5"},
				"west": {"uv": [0, 0, 15, 15], "texture": "#5"},
				"up": {"uv": [0, 0, 15, 15], "texture": "#5"},
				"down": {"uv": [0, 0, 15, 15], "texture": "#5"}
			}
		},
		{
			"from": [7.6, 3.95, 7.2],
			"to": [8.4, 4.45, 7.7],
			"faces": {
				"north": {"uv": [0, 0, 15, 15], "texture": "#5"},
				"east": {"uv": [0, 0, 15, 15], "texture": "#5"},
				"south": {"uv": [0, 0, 15, 15], "texture": "#5"},
				"west": {"uv": [0, 0, 15, 15], "texture": "#5"},
				"up": {"uv": [0, 0, 15, 15], "texture": "#5"},
				"down": {"uv": [0, 0, 15, 15], "texture": "#5"}
			}
		},
		{
			"from": [7.1, 3.5, 7],
			"to": [8.9, 4, 8.9],
			"faces": {
				"north": {"uv": [0, 0, 16, 16], "texture": "#2"},
				"east": {"uv": [0, 0, 16, 16], "texture": "#2"},
				"south": {"uv": [0, 0, 16, 16], "texture": "#2"},
				"west": {"uv": [0, 0, 16, 16], "texture": "#2"},
				"up": {"uv": [0, 0, 16, 16], "texture": "#2"},
				"down": {"uv": [0, 0, 16, 16], "texture": "#2"}
			}
		},
		{
			"from": [7.6, 3.2, 7.5],
			"to": [8.4, 3.7, 8.4],
			"faces": {
				"north": {"uv": [0, 0, 16, 16], "texture": "#6"},
				"east": {"uv": [0, 0, 16, 16], "texture": "#6"},
				"south": {"uv": [0, 0, 16, 16], "texture": "#6"},
				"west": {"uv": [0, 0, 16, 16], "texture": "#6"},
				"up": {"uv": [0, 0, 16, 16], "texture": "#6"},
				"down": {"uv": [0, 0, 16, 16], "texture": "#6"}
			}
		},
		{
			"from": [7.8, 3, 7.7],
			"to": [8.2, 3.5, 8.2],
			"faces": {
				"north": {"uv": [0, 0, 16, 16], "texture": "#5"},
				"east": {"uv": [0, 0, 16, 16], "texture": "#5"},
				"south": {"uv": [0, 0, 16, 16], "texture": "#5"},
				"west": {"uv": [0, 0, 16, 16], "texture": "#5"},
				"up": {"uv": [0, 0, 16, 16], "texture": "#5"},
				"down": {"uv": [0, 0, 16, 16], "texture": "#5"}
			}
		},
		{
			"from": [6.9, 3.6, 6.8],
			"to": [7.7, 3.9, 7.7],
			"rotation": {"angle": -22.5, "axis": "y", "origin": [7.5, 3.75, 7.5]},
			"faces": {
				"north": {"uv": [0, 0, 16, 16], "texture": "#4"},
				"east": {"uv": [0, 0, 16, 16], "texture": "#4"},
				"south": {"uv": [0, 0, 16, 16], "texture": "#4"},
				"west": {"uv": [0, 0, 16, 16], "texture": "#4"},
				"up": {"uv": [0, 0, 16, 16], "texture": "#4"},
				"down": {"uv": [0, 0, 16, 16], "texture": "#4"}
			}
		},
		{
			"from": [8.3, 3.6, 6.8],
			"to": [9.1, 3.9, 7.7],
			"rotation": {"angle": 22.5, "axis": "y", "origin": [8.5, 3.75, 7.5]},
			"faces": {
				"north": {"uv": [0, 0, 16, 16], "texture": "#4"},
				"east": {"uv": [0, 0, 16, 16], "texture": "#4"},
				"south": {"uv": [0, 0, 16, 16], "texture": "#4"},
				"west": {"uv": [0, 0, 16, 16], "texture": "#4"},
				"up": {"uv": [0, 0, 16, 16], "texture": "#4"},
				"down": {"uv": [0, 0, 16, 16], "texture": "#4"}
			}
		},
		{
			"from": [7.80824, 3.7, 6.33869],
			"to": [8.60824, 3.8, 7.23869],
			"rotation": {"angle": 45, "axis": "y", "origin": [8.60824, 3.75, 7.23869]},
			"faces": {
				"north": {"uv": [16, 0, 0, 16], "texture": "#7"},
				"east": {"uv": [16, 0, 0, 16], "texture": "#7"},
				"south": {"uv": [16, 0, 0, 16], "texture": "#7"},
				"west": {"uv": [16, 0, 0, 16], "texture": "#7"},
				"up": {"uv": [16, 0, 0, 16], "texture": "#7"},
				"down": {"uv": [16, 0, 0, 16], "texture": "#7"}
			}
		},
		{
			"from": [7.39176, 3.7, 7.33869],
			"to": [8.19176, 3.8, 8.23869],
			"rotation": {"angle": -45, "axis": "y", "origin": [7.39176, 3.75, 7.23869]},
			"faces": {
				"north": {"uv": [16, 0, 0, 16], "texture": "#7"},
				"east": {"uv": [16, 0, 0, 16], "texture": "#7"},
				"south": {"uv": [16, 0, 0, 16], "texture": "#7"},
				"west": {"uv": [16, 0, 0, 16], "texture": "#7"},
				"up": {"uv": [16, 0, 0, 16], "texture": "#7"},
				"down": {"uv": [16, 0, 0, 16], "texture": "#7"}
			}
		},
		{
			"from": [7.80824, 3.7, 7.33869],
			"to": [8.60824, 3.8, 8.23869],
			"rotation": {"angle": 45, "axis": "y", "origin": [8.60824, 3.75, 7.23869]},
			"faces": {
				"north": {"uv": [16, 0, 0, 16], "texture": "#7"},
				"east": {"uv": [16, 0, 0, 16], "texture": "#7"},
				"south": {"uv": [16, 0, 0, 16], "texture": "#7"},
				"west": {"uv": [16, 0, 0, 16], "texture": "#7"},
				"up": {"uv": [16, 0, 0, 16], "texture": "#7"},
				"down": {"uv": [16, 0, 0, 16], "texture": "#7"}
			}
		},
		{
			"from": [7.80824, 3.7, 8.66131],
			"to": [8.60824, 3.8, 9.56131],
			"rotation": {"angle": -45, "axis": "y", "origin": [8.60824, 3.75, 8.76131]},
			"faces": {
				"north": {"uv": [16, 0, 0, 16], "texture": "#7"},
				"east": {"uv": [16, 0, 0, 16], "texture": "#7"},
				"south": {"uv": [16, 0, 0, 16], "texture": "#7"},
				"west": {"uv": [16, 0, 0, 16], "texture": "#7"},
				"up": {"uv": [16, 0, 0, 16], "texture": "#7"},
				"down": {"uv": [16, 0, 0, 16], "texture": "#7"}
			}
		},
		{
			"from": [8.3, 3.6, 8.2],
			"to": [9.1, 3.9, 9.1],
			"rotation": {"angle": -22.5, "axis": "y", "origin": [8.5, 3.75, 8.5]},
			"faces": {
				"north": {"uv": [0, 0, 16, 16], "texture": "#4"},
				"east": {"uv": [0, 0, 16, 16], "texture": "#4"},
				"south": {"uv": [0, 0, 16, 16], "texture": "#4"},
				"west": {"uv": [0, 0, 16, 16], "texture": "#4"},
				"up": {"uv": [0, 0, 16, 16], "texture": "#4"},
				"down": {"uv": [0, 0, 16, 16], "texture": "#4"}
			}
		},
		{
			"from": [6.9, 3.6, 8.2],
			"to": [7.7, 3.9, 9.1],
			"rotation": {"angle": 22.5, "axis": "y", "origin": [7.5, 3.75, 8.5]},
			"faces": {
				"north": {"uv": [0, 0, 16, 16], "texture": "#4"},
				"east": {"uv": [0, 0, 16, 16], "texture": "#4"},
				"south": {"uv": [0, 0, 16, 16], "texture": "#4"},
				"west": {"uv": [0, 0, 16, 16], "texture": "#4"},
				"up": {"uv": [0, 0, 16, 16], "texture": "#4"},
				"down": {"uv": [0, 0, 16, 16], "texture": "#4"}
			}
		},
		{
			"from": [7, 15.6, 7.45],
			"to": [8.9, 16.4, 8.95],
			"faces": {
				"north": {"uv": [0, 0, 16, 16], "texture": "#8"},
				"east": {"uv": [0, 0, 16, 16], "texture": "#8"},
				"south": {"uv": [0, 0, 16, 16], "texture": "#8"},
				"west": {"uv": [0, 0, 16, 16], "texture": "#8"},
				"up": {"uv": [0, 0, 16, 16], "texture": "#8"},
				"down": {"uv": [0, 0, 16, 16], "texture": "#8"}
			}
		},
		{
			"from": [7.4, 15.2, 7.7],
			"to": [8.5, 15.6, 8.45],
			"faces": {
				"north": {"uv": [0, 0, 16, 15], "rotation": 90, "texture": "#1"},
				"east": {"uv": [0, 0, 16, 15], "rotation": 90, "texture": "#1"},
				"south": {"uv": [0, 0, 16, 15], "rotation": 90, "texture": "#1"},
				"west": {"uv": [0, 0, 16, 15], "rotation": 90, "texture": "#1"},
				"up": {"uv": [0, 0, 16, 15], "rotation": 90, "texture": "#1"},
				"down": {"uv": [0, 0, 16, 15], "rotation": 90, "texture": "#1"}
			}
		},
		{
			"from": [7, 15.7, 6.5],
			"to": [8.9, 16.2, 7.5],
			"faces": {
				"north": {"uv": [0, 0, 16, 16], "texture": "#0"},
				"east": {"uv": [0, 0, 16, 16], "texture": "#0"},
				"south": {"uv": [0, 0, 16, 16], "texture": "#0"},
				"west": {"uv": [0, 0, 16, 16], "texture": "#0"},
				"up": {"uv": [0, 0, 16, 16], "texture": "#0"},
				"down": {"uv": [0, 0, 16, 16], "texture": "#0"}
			}
		},
		{
			"from": [7, 15.71903, 5.59567],
			"to": [8.7, 16.21903, 6.59567],
			"rotation": {"angle": -22.5, "axis": "x", "origin": [7.85, 15.96903, 6.59567]},
			"faces": {
				"north": {"uv": [0, 0, 16, 16], "texture": "#0"},
				"east": {"uv": [0, 0, 16, 16], "texture": "#0"},
				"south": {"uv": [0, 0, 16, 16], "texture": "#0"},
				"west": {"uv": [0, 0, 16, 16], "texture": "#0"},
				"up": {"uv": [0, 0, 16, 16], "texture": "#0"},
				"down": {"uv": [0, 0, 16, 16], "texture": "#0"}
			}
		},
		{
			"from": [7, 13.5502, 0.48675],
			"to": [7.6, 13.8502, 0.88675],
			"rotation": {"angle": 0, "axis": "y", "origin": [7.7, 14.5002, 0.98675]},
			"faces": {
				"up": {"uv": [0, 0, 16, 16], "texture": "#9"},
				"down": {"uv": [0, 0, 16, 16], "rotation": 180, "texture": "#9"}
			}
		},
		{
			"from": [7, 15.52769, 4.63373],
			"to": [8.5, 16.02769, 5.63373],
			"rotation": {"angle": -22.5, "axis": "x", "origin": [7.75, 15.77769, 6.13373]},
			"faces": {
				"north": {"uv": [0, 0, 16, 16], "texture": "#0"},
				"east": {"uv": [0, 0, 16, 16], "texture": "#0"},
				"south": {"uv": [0, 0, 16, 16], "texture": "#0"},
				"west": {"uv": [0, 0, 16, 16], "texture": "#0"},
				"up": {"uv": [0, 0, 16, 16], "texture": "#0"},
				"down": {"uv": [0, 0, 16, 16], "texture": "#0"}
			}
		},
		{
			"from": [7, 15.145, 3.70985],
			"to": [8.3, 15.645, 4.70985],
			"rotation": {"angle": -22.5, "axis": "x", "origin": [7.65, 15.395, 5.20985]},
			"faces": {
				"north": {"uv": [0, 0, 16, 16], "texture": "#0"},
				"east": {"uv": [0, 0, 16, 16], "texture": "#0"},
				"south": {"uv": [0, 0, 16, 16], "texture": "#0"},
				"west": {"uv": [0, 0, 16, 16], "texture": "#0"},
				"up": {"uv": [0, 0, 16, 16], "texture": "#0"},
				"down": {"uv": [0, 0, 16, 16], "texture": "#0"}
			}
		},
		{
			"from": [7, 14.76232, 2.78597],
			"to": [8.1, 15.26232, 3.78597],
			"rotation": {"angle": -22.5, "axis": "x", "origin": [7.55, 15.01232, 4.28597]},
			"faces": {
				"north": {"uv": [0, 0, 16, 16], "texture": "#0"},
				"east": {"uv": [0, 0, 16, 16], "texture": "#0"},
				"south": {"uv": [0, 0, 16, 16], "texture": "#0"},
				"west": {"uv": [0, 0, 16, 16], "texture": "#0"},
				"up": {"uv": [0, 0, 16, 16], "texture": "#0"},
				"down": {"uv": [0, 0, 16, 16], "texture": "#0"}
			}
		},
		{
			"from": [7, 14.37964, 1.86209],
			"to": [7.9, 14.87964, 2.86209],
			"rotation": {"angle": -22.5, "axis": "x", "origin": [7.45, 14.62964, 3.36209]},
			"faces": {
				"north": {"uv": [0, 0, 16, 16], "texture": "#0"},
				"east": {"uv": [0, 0, 16, 16], "texture": "#0"},
				"south": {"uv": [0, 0, 16, 16], "texture": "#0"},
				"west": {"uv": [0, 0, 16, 16], "texture": "#0"},
				"up": {"uv": [0, 0, 16, 16], "texture": "#0"},
				"down": {"uv": [0, 0, 16, 16], "texture": "#0"}
			}
		},
		{
			"from": [7, 14.26588, 1.28472],
			"to": [7.7, 14.56588, 1.88472],
			"rotation": {"angle": -22.5, "axis": "x", "origin": [7.35, 14.41588, 2.58472]},
			"faces": {
				"north": {"uv": [0, 0, 16, 16], "texture": "#0"},
				"east": {"uv": [0, 0, 16, 16], "texture": "#0"},
				"south": {"uv": [0, 0, 16, 16], "texture": "#0"},
				"west": {"uv": [0, 0, 16, 16], "texture": "#0"},
				"up": {"uv": [0, 0, 16, 16], "texture": "#0"},
				"down": {"uv": [0, 0, 16, 16], "texture": "#0"}
			}
		},
		{
			"from": [7, 14.03627, 0.73039],
			"to": [7.5, 14.33627, 1.33039],
			"rotation": {"angle": -22.5, "axis": "x", "origin": [7.25, 14.18627, 2.03039]},
			"faces": {
				"north": {"uv": [0, 0, 16, 16], "texture": "#0"},
				"east": {"uv": [0, 0, 16, 16], "texture": "#0"},
				"south": {"uv": [0, 0, 16, 16], "texture": "#0"},
				"west": {"uv": [0, 0, 16, 16], "texture": "#0"},
				"up": {"uv": [0, 0, 16, 16], "texture": "#0"},
				"down": {"uv": [0, 0, 16, 16], "texture": "#0"}
			}
		}
	],
	"display": {
		"thirdperson_righthand": {
			"translation": [0, 1.5, 1.5],
			"scale": [2, 2, 2]
		},
		"thirdperson_lefthand": {
			"translation": [0, 1.5, 1.5],
			"scale": [2, 2, 2]
		},
		"firstperson_righthand": {
			"translation": [0, -1.25, 0],
			"scale": [1.5, 2, 1.5]
		},
		"firstperson_lefthand": {
			"translation": [0, -1.25, 0],
			"scale": [1.5, 2, 1.5]
		},
		"ground": {
			"translation": [0, 8, 0],
			"scale": [2, 2, 2]
		},
		"gui": {
			"rotation": [0, -90, 0],
			"translation": [0, -2.5, 0],
			"scale": [1.1, 1.1, 1.1]
		},
		"head": {
			"rotation": [-40, 0, 0],
			"translation": [0, 1.5, 13.75],
			"scale": [2, 2, 2]
		},
		"fixed": {
			"rotation": [-90, 0, 0],
			"translation": [0, 0, -20],
			"scale": [4, 4, 4]
		}
	},
	"groups": [
		{
			"name": "Hand",
			"origin": [7.5, 3.75, 8.5],
			"children": [0, 1, 2, 3, 4, 5, 6, 7, 8, 9, 10, 11, 12, 13, 14, 15, 16, 17, 18, 19, 20, 21, 22, 23, 24]
		},
		{
			"name": "Head",
			"origin": [8, 8, 8],
			"children": [25, 26, 27, 28, 29, 30, 31, 32, 33, 34, 35]
		}
	]
}