{
	"credit": "Asc4Yin",
	"texture_size": [64, 64],
	"textures": {
		"0": "demon_swd"
	},
	"elements": [
		{
			"name": "spike",
			"from": [7.7505, 4.7505, 6.2505],
			"to": [8.2495, 6.7495, 7.2495],
			"rotation": {"angle": 0, "axis": "x", "origin": [8, 4.75, 7.25]},
			"faces": {
				"north": {"uv": [12.75, 5.5, 13, 6.5], "texture": "#0"},
				"east": {"uv": [9.75, 5.5, 10.25, 6.5], "texture": "#0"},
				"south": {"uv": [5.75, 5.5, 6, 6.5], "texture": "#0"},
				"west": {"uv": [2, 5.5, 2.5, 6.5], "texture": "#0"},
				"up": {"uv": [5.25, 13.5, 5.5, 14], "texture": "#0"},
				"down": {"uv": [5.25, 14.75, 5.5, 15.25], "texture": "#0"}
			}
		},
		{
			"name": "spike",
			"from": [7.7505, 4.7505, 8.7505],
			"to": [8.2495, 6.7495, 9.7495],
			"rotation": {"angle": 0, "axis": "x", "origin": [8, 4.75, 8.75]},
			"faces": {
				"north": {"uv": [13.25, 5.5, 13.5, 6.5], "texture": "#0"},
				"east": {"uv": [9, 5.5, 9.5, 6.5], "texture": "#0"},
				"south": {"uv": [6.25, 5.5, 6.5, 6.5], "texture": "#0"},
				"west": {"uv": [2.75, 5.5, 3.25, 6.5], "texture": "#0"},
				"up": {"uv": [5.75, 13.5, 6, 14], "texture": "#0"},
				"down": {"uv": [5.75, 14.75, 6, 15.25], "texture": "#0"}
			}
		},
		{
			"name": "spike",
			"from": [7.75, 5, 7.75],
			"to": [8.25, 6, 8.25],
			"rotation": {"angle": 0, "axis": "y", "origin": [7.75, -0.5, 8.25]},
			"faces": {
				"north": {"uv": [13, 6, 13.25, 6.5], "texture": "#0"},
				"east": {"uv": [9.5, 6, 9.75, 6.5], "texture": "#0"},
				"south": {"uv": [6, 6, 6.25, 6.5], "texture": "#0"},
				"west": {"uv": [2.5, 6, 2.75, 6.5], "texture": "#0"},
				"up": {"uv": [5.5, 13.75, 5.75, 14], "texture": "#0"},
				"down": {"uv": [0, 15.875, 0.25, 16], "texture": "#missing"}
			}
		},
		{
			"name": "handle",
			"from": [7.25, 2.5, 7.25],
			"to": [8.75, 5, 8.75],
			"rotation": {"angle": 0, "axis": "y", "origin": [8, -1, 8.25]},
			"faces": {
				"north": {"uv": [12.75, 6.5, 13.5, 7.75], "texture": "#0"},
				"east": {"uv": [9.25, 6.5, 10, 7.75], "texture": "#0"},
				"south": {"uv": [5.75, 6.5, 6.5, 7.75], "texture": "#0"},
				"west": {"uv": [2.25, 6.5, 3, 7.75], "texture": "#0"},
				"up": {"uv": [4.5, 13.5, 5.25, 14.25], "rotation": 90, "texture": "#0"},
				"down": {"uv": [0, 15.625, 0.5, 16], "texture": "#missing"}
			}
		},
		{
			"name": "blade",
			"from": [8, 3, 3],
			"to": [8, 25, 13],
			"rotation": {"angle": 0, "axis": "y", "origin": [7.5, 13.5, 8.5]},
			"faces": {
				"east": {"uv": [11, 0, 0, 5], "rotation": 90, "texture": "#0"},
				"west": {"uv": [11, 5, 0, 0], "rotation": 90, "texture": "#0"}
			}
		},
		{
			"name": "spike",
			"from": [7.5, 0.75, 5.25],
			"to": [8.5, 1.75, 6.75],
			"rotation": {"angle": 0, "axis": "y", "origin": [7.75, -3.25, 6.75]},
			"faces": {
				"north": {"uv": [15, 8.25, 15.5, 8.75], "texture": "#0"},
				"east": {"uv": [10.25, 8.25, 11, 8.75], "texture": "#0"},
				"west": {"uv": [1.25, 8.25, 2, 8.75], "texture": "#0"},
				"up": {"uv": [1.5, 13.75, 2.25, 14.25], "rotation": 90, "texture": "#0"},
				"down": {"uv": [2.25, 15.5, 1.5, 15], "rotation": 90, "texture": "#0"}
			}
		},
		{
			"name": "spike",
			"from": [7.5, 0.75, 9.25],
			"to": [8.5, 1.75, 10.75],
			"rotation": {"angle": 0, "axis": "y", "origin": [7.75, -3.25, 10.75]},
			"faces": {
				"east": {"uv": [8.25, 8.25, 9, 8.75], "texture": "#0"},
				"south": {"uv": [14, 8.25, 14.5, 8.75], "texture": "#0"},
				"west": {"uv": [3.25, 8.25, 4, 8.75], "texture": "#0"},
				"up": {"uv": [3.5, 13.75, 4.25, 14.25], "rotation": 90, "texture": "#0"},
				"down": {"uv": [4.25, 15.5, 3.5, 15], "rotation": 90, "texture": "#0"}
			}
		},
		{
			"name": "handle",
			"from": [7, 0, 6.75],
			"to": [9, 2.5, 9.25],
			"rotation": {"angle": 0, "axis": "y", "origin": [7.75, -3.5, 8.25]},
			"faces": {
				"north": {"uv": [12.75, 7.75, 13.75, 9], "texture": "#0"},
				"east": {"uv": [9, 7.75, 10.25, 9], "texture": "#0"},
				"south": {"uv": [5.75, 7.75, 6.75, 9], "texture": "#0"},
				"west": {"uv": [2, 7.75, 3.25, 9], "texture": "#0"},
				"up": {"uv": [2.25, 13.5, 3.5, 14.5], "rotation": 90, "texture": "#0"},
				"down": {"uv": [2.25, 14.75, 3.5, 15.75], "rotation": 90, "texture": "#0"}
			}
		},
		{
			"name": "grip",
			"from": [7.25, -6, 7.25],
			"to": [8.75, 0, 8.75],
			"rotation": {"angle": 0, "axis": "y", "origin": [7.75, -6, 8.25]},
			"faces": {
				"north": {"uv": [12.75, 9, 13.5, 12], "texture": "#0"},
				"east": {"uv": [9.25, 9, 10, 12], "texture": "#0"},
				"south": {"uv": [5.75, 9, 6.5, 12], "texture": "#0"},
				"west": {"uv": [2.25, 9, 3, 12], "texture": "#0"}
			}
		},
		{
			"name": "handle",
			"from": [7, -8, 6.75],
			"to": [9, -5.5, 9.25],
			"rotation": {"angle": 0, "axis": "y", "origin": [7.75, -8, 8.25]},
			"faces": {
				"north": {"uv": [12.75, 12, 13.75, 13.25], "texture": "#0"},
				"east": {"uv": [9, 12, 10.25, 13.25], "texture": "#0"},
				"south": {"uv": [5.75, 12, 6.75, 13.25], "texture": "#0"},
				"west": {"uv": [2, 12, 3.25, 13.25], "texture": "#0"},
				"up": {"uv": [0, 13.5, 1.25, 14.5], "rotation": 90, "texture": "#0"},
				"down": {"uv": [0, 14.75, 1.25, 15.75], "rotation": 90, "texture": "#0"}
			}
		},
		{
			"name": "claw",
			"from": [7.75, 2, 3.25],
			"to": [8.25, 3.5, 6.25],
			"rotation": {"angle": 0, "axis": "y", "origin": [7.75, -1.25, 6.25]},
			"faces": {
				"north": {"uv": [15, 7.25, 15.25, 8], "texture": "#0"},
				"east": {"uv": [10.75, 7.25, 12.25, 8], "texture": "#0"},
				"south": {"uv": [15.25, 7.25, 15.5, 8], "texture": "#0"},
				"west": {"uv": [0, 7.25, 1.5, 8], "texture": "#0"},
				"up": {"uv": [6.75, 13.5, 8.25, 13.75], "rotation": 90, "texture": "#0"},
				"down": {"uv": [6.75, 14.75, 8.25, 15], "rotation": 90, "texture": "#0"}
			}
		},
		{
			"name": "claw",
			"from": [7.5, 2.5, 6.25],
			"to": [8.5, 4.5, 7.75],
			"rotation": {"angle": 0, "axis": "y", "origin": [7.75, -1, 7.25]},
			"faces": {
				"north": {"uv": [15.5, 6.75, 16, 7.75], "texture": "#0"},
				"east": {"uv": [10, 6.75, 10.75, 7.75], "texture": "#0"},
				"south": {"uv": [0, 13.75, 0.375, 14.75], "texture": "#missing"},
				"west": {"uv": [1.5, 6.75, 2.25, 7.75], "texture": "#0"},
				"up": {"uv": [6.25, 13.5, 6.75, 14.25], "texture": "#0"},
				"down": {"uv": [6.25, 14.75, 6.75, 15.5], "texture": "#0"}
			}
		},
		{
			"name": "spike",
			"from": [7.75, 3.5, 3.25],
			"to": [8.25, 4.5, 3.75],
			"rotation": {"angle": 22.5, "axis": "x", "origin": [8, 3.5, 3.25]},
			"faces": {
				"north": {"uv": [15, 6.75, 15.25, 7.25], "texture": "#0"},
				"east": {"uv": [12, 6.75, 12.25, 7.25], "texture": "#0"},
				"south": {"uv": [15.25, 6.75, 15.5, 7.25], "texture": "#0"},
				"west": {"uv": [0, 6.75, 0.25, 7.25], "texture": "#0"},
				"up": {"uv": [8, 13.75, 8.25, 14], "texture": "#0"}
			}
		},
		{
			"name": "claw",
			"from": [7.75, 2, 9.75],
			"to": [8.25, 3.5, 12.75],
			"rotation": {"angle": 0, "axis": "y", "origin": [7.75, -1.25, 9.75]},
			"faces": {
				"north": {"uv": [14.25, 7.25, 14.5, 8], "texture": "#0"},
				"east": {"uv": [7, 7.25, 8.5, 8], "texture": "#0"},
				"south": {"uv": [14, 7.25, 14.25, 8], "texture": "#0"},
				"west": {"uv": [3.75, 7.25, 5.25, 8], "texture": "#0"},
				"up": {"uv": [9, 13.5, 10.5, 13.75], "rotation": 90, "texture": "#0"},
				"down": {"uv": [9, 14.75, 10.5, 15], "rotation": 90, "texture": "#0"}
			}
		},
		{
			"name": "claw",
			"from": [7.5, 2.5, 8.25],
			"to": [8.5, 4.5, 9.75],
			"rotation": {"angle": 0, "axis": "y", "origin": [7.75, -1, 8.75]},
			"faces": {
				"north": {"uv": [15.625, 13.75, 16, 14.75], "texture": "#missing"},
				"east": {"uv": [8.5, 6.75, 9.25, 7.75], "texture": "#0"},
				"south": {"uv": [14.5, 6.75, 15, 7.75], "texture": "#0"},
				"west": {"uv": [3, 6.75, 3.75, 7.75], "texture": "#0"},
				"up": {"uv": [8.5, 13.5, 9, 14.25], "texture": "#0"},
				"down": {"uv": [8.5, 14.75, 9, 15.5], "texture": "#0"}
			}
		},
		{
			"name": "spike",
			"from": [7.75, 3.5, 12.25],
			"to": [8.25, 4.5, 12.75],
			"rotation": {"angle": -22.5, "axis": "x", "origin": [8, 3.5, 12.75]},
			"faces": {
				"north": {"uv": [14.25, 6.75, 14.5, 7.25], "texture": "#0"},
				"east": {"uv": [7, 6.75, 7.25, 7.25], "texture": "#0"},
				"south": {"uv": [14, 6.75, 14.25, 7.25], "texture": "#0"},
				"west": {"uv": [5, 6.75, 5.25, 7.25], "texture": "#0"},
				"up": {"uv": [10.25, 13.75, 10.5, 14], "texture": "#0"}
			}
		}
	],
	"display": {
		"thirdperson_righthand": {
			"translation": [0, 21, 1.5],
			"scale": [1.99, 1.99, 1.99]
		},
		"thirdperson_lefthand": {
			"translation": [0, 21, 1.5],
			"scale": [1.99, 1.99, 1.99]
		},
		"firstperson_righthand": {
			"rotation": [10, 2, -10],
			"translation": [1.5, 12.75, 1.75],
			"scale": [1.5, 1.5, 1.5]
		},
		"firstperson_lefthand": {
			"rotation": [10, 2, -10],
			"translation": [1.5, 12.75, 1.75],
			"scale": [1.5, 1.5, 1.5]
		},
		"ground": {
			"translation": [0, 32, 0],
			"scale": [2, 2, 2]
		},
		"gui": {
			"rotation": [30, 225, 0],
			"translation": [0, 37, 0],
			"scale": [3, 3, 3]
		},
		"head": {
			"rotation": [-90, 90, 0],
			"translation": [0, -3.5, -22],
			"scale": [2, 2, 2]
		},
		"fixed": {
			"rotation": [0, 90, 0],
			"translation": [0, 56, 0],
			"scale": [4, 4, 4]
		}
	},
	"groups": [
		{
			"name": "demon_swd",
			"origin": [0, 0, 0],
			"children": [0, 1, 2, 3, 4, 5, 6, 7, 8, 9,
				{
					"name": "claw",
					"origin": [0.5, 7.5, -2],
					"children": [10, 11, 12]
				},
				{
					"name": "claw",
					"origin": [0.5, 7.5, 2],
					"children": [13, 14, 15]
				}
			]
		}
	]
}