{
	"credit": "By Maximka",
	"textures": {
		"0": "block/blast_furnace_side",
		"1": "block/blast_furnace_top",
		"2": "block/crying_obsidian",
		"3": "block/gold_block",
		"5": "block/dark_oak_planks",
		"particle": "block/blast_furnace_side"
	},
	"elements": [
		{
			"from": [7.7, 1.5, 7.7],
			"to": [9.3, 2, 9.3],
			"faces": {
				"north": {"uv": [4, 11, 5.6, 11.5], "texture": "#1"},
				"east": {"uv": [4, 11, 5.6, 11.5], "texture": "#1"},
				"south": {"uv": [4, 11, 5.6, 11.5], "texture": "#1"},
				"west": {"uv": [4, 11, 5.6, 11.5], "texture": "#1"},
				"up": {"uv": [4, 11, 5.6, 11.5], "texture": "#1"},
				"down": {"uv": [4, 11, 5.6, 11.5], "texture": "#1"}
			}
		},
		{
			"from": [7.7, 6.6, 7.7],
			"to": [9.3, 7.1, 9.3],
			"faces": {
				"north": {"uv": [4, 11, 5.6, 11.5], "texture": "#1"},
				"east": {"uv": [4, 11, 5.6, 11.5], "texture": "#1"},
				"south": {"uv": [4, 11, 5.6, 11.5], "texture": "#1"},
				"west": {"uv": [4, 11, 5.6, 11.5], "texture": "#1"},
				"up": {"uv": [4, 11, 5.6, 11.5], "texture": "#1"},
				"down": {"uv": [4, 11, 5.6, 11.5], "texture": "#1"}
			}
		},
		{
			"from": [8.2, 1, 8.2],
			"to": [8.8, 1.5, 8.8],
			"faces": {
				"north": {"uv": [0, 0, 16, 16], "texture": "#3"},
				"east": {"uv": [0, 0, 16, 16], "texture": "#3"},
				"south": {"uv": [0, 0, 16, 16], "texture": "#3"},
				"west": {"uv": [0, 0, 16, 16], "texture": "#3"},
				"up": {"uv": [0, 0, 16, 16], "texture": "#3"},
				"down": {"uv": [0, 0, 16, 16], "texture": "#3"}
			}
		},
		{
			"from": [8.25, 2, 8.25],
			"to": [8.75, 6.7, 8.75],
			"faces": {
				"north": {"uv": [0, 5, 16, 4], "texture": "#5"},
				"east": {"uv": [0, 5, 16, 4], "texture": "#5"},
				"south": {"uv": [0, 5, 16, 4], "texture": "#5"},
				"west": {"uv": [0, 5, 16, 4], "texture": "#5"},
				"up": {"uv": [0, 5, 16, 4], "texture": "#5"},
				"down": {"uv": [0, 5, 16, 4], "texture": "#5"}
			}
		},
		{
			"from": [8.25, 6.9, 8.25],
			"to": [8.75, 12.3, 8.75],
			"faces": {
				"north": {"uv": [0, 5, 16, 4], "texture": "#5"},
				"east": {"uv": [0, 5, 16, 4], "texture": "#5"},
				"south": {"uv": [0, 5, 16, 4], "texture": "#5"},
				"west": {"uv": [0, 5, 16, 4], "texture": "#5"},
				"up": {"uv": [0, 5, 16, 4], "texture": "#5"},
				"down": {"uv": [0, 5, 16, 4], "texture": "#5"}
			}
		},
		{
			"from": [7.7, 12.3, 7.7],
			"to": [9.3, 13.7, 9.3],
			"faces": {
				"north": {"uv": [4, 11, 5.6, 12.4], "texture": "#1"},
				"east": {"uv": [4, 11, 5.6, 12.4], "texture": "#1"},
				"south": {"uv": [4, 11, 5.6, 12.4], "texture": "#1"},
				"west": {"uv": [4, 11, 5.6, 12.4], "texture": "#1"},
				"up": {"uv": [4, 11, 5.6, 12.4], "texture": "#1"},
				"down": {"uv": [4, 11, 5.6, 12.4], "texture": "#1"}
			}
		},
		{
			"from": [8.8, 13.4, 7.9],
			"to": [9.6, 14, 9.1],
			"faces": {
				"north": {"uv": [2, 7, 4, 8], "texture": "#0"},
				"east": {"uv": [2, 7, 4, 8], "texture": "#0"},
				"south": {"uv": [2, 7, 4, 8], "texture": "#0"},
				"west": {"uv": [2, 7, 4, 8], "texture": "#0"},
				"up": {"uv": [2, 7, 4, 8], "texture": "#0"},
				"down": {"uv": [2, 7, 4, 8], "texture": "#0"}
			}
		},
		{
			"from": [7.3, 13.4, 7.9],
			"to": [8.1, 14, 9.1],
			"rotation": {"angle": 0, "axis": "y", "origin": [16.9, 0, 0]},
			"faces": {
				"north": {"uv": [2, 7, 4, 8], "texture": "#0"},
				"east": {"uv": [2, 7, 4, 8], "texture": "#0"},
				"south": {"uv": [2, 7, 4, 8], "texture": "#0"},
				"west": {"uv": [2, 7, 4, 8], "texture": "#0"},
				"up": {"uv": [2, 7, 4, 8], "texture": "#0"},
				"down": {"uv": [2, 7, 4, 8], "texture": "#0"}
			}
		},
		{
			"from": [9.53087, 13.65245, 8],
			"to": [10.33087, 14.25245, 9],
			"rotation": {"angle": -22.5, "axis": "z", "origin": [8.93087, 13.95245, 8.6]},
			"faces": {
				"north": {"uv": [6, 2, 9, 5], "texture": "#0"},
				"east": {"uv": [6, 2, 9, 5], "texture": "#0"},
				"south": {"uv": [6, 2, 9, 5], "texture": "#0"},
				"west": {"uv": [6, 2, 9, 5], "texture": "#0"},
				"up": {"uv": [6, 2, 9, 5], "texture": "#0"},
				"down": {"uv": [6, 2, 9, 5], "texture": "#0"}
			}
		},
		{
			"from": [6.56913, 13.65245, 8],
			"to": [7.36913, 14.25245, 9],
			"rotation": {"angle": 22.5, "axis": "z", "origin": [7.96913, 13.95245, 8.6]},
			"faces": {
				"north": {"uv": [6, 2, 9, 5], "texture": "#0"},
				"east": {"uv": [6, 2, 9, 5], "texture": "#0"},
				"south": {"uv": [6, 2, 9, 5], "texture": "#0"},
				"west": {"uv": [6, 2, 9, 5], "texture": "#0"},
				"up": {"uv": [6, 2, 9, 5], "texture": "#0"},
				"down": {"uv": [6, 2, 9, 5], "texture": "#0"}
			}
		},
		{
			"from": [10.19385, 12.96362, 8.1],
			"to": [10.99385, 13.56362, 8.9],
			"rotation": {"angle": -22.5, "axis": "z", "origin": [10.59385, 13.26362, 8.7]},
			"faces": {
				"north": {"uv": [6, 2, 9, 5], "texture": "#0"},
				"east": {"uv": [6, 2, 9, 5], "texture": "#0"},
				"south": {"uv": [6, 2, 9, 5], "texture": "#0"},
				"west": {"uv": [6, 2, 9, 5], "texture": "#0"},
				"up": {"uv": [6, 2, 9, 5], "texture": "#0"},
				"down": {"uv": [6, 2, 9, 5], "texture": "#0"}
			}
		},
		{
			"from": [5.90615, 12.96362, 8.1],
			"to": [6.70615, 13.56362, 8.9],
			"rotation": {"angle": 22.5, "axis": "z", "origin": [6.30615, 13.26362, 8.7]},
			"faces": {
				"north": {"uv": [6, 2, 9, 5], "texture": "#0"},
				"east": {"uv": [6, 2, 9, 5], "texture": "#0"},
				"south": {"uv": [6, 2, 9, 5], "texture": "#0"},
				"west": {"uv": [6, 2, 9, 5], "texture": "#0"},
				"up": {"uv": [6, 2, 9, 5], "texture": "#0"},
				"down": {"uv": [6, 2, 9, 5], "texture": "#0"}
			}
		},
		{
			"from": [11.31564, 12.58135, 8.2],
			"to": [12.11564, 13.18135, 8.8],
			"rotation": {"angle": -22.5, "axis": "z", "origin": [11.71564, 13.88135, 8.8]},
			"faces": {
				"north": {"uv": [6, 2, 9, 5], "texture": "#0"},
				"east": {"uv": [6, 2, 9, 5], "texture": "#0"},
				"south": {"uv": [6, 2, 9, 5], "texture": "#0"},
				"west": {"uv": [6, 2, 9, 5], "texture": "#0"},
				"up": {"uv": [6, 2, 9, 5], "texture": "#0"},
				"down": {"uv": [6, 2, 9, 5], "texture": "#0"}
			}
		},
		{
			"from": [4.78436, 12.58135, 8.2],
			"to": [5.58436, 13.18135, 8.8],
			"rotation": {"angle": 22.5, "axis": "z", "origin": [5.18436, 13.88135, 8.8]},
			"faces": {
				"north": {"uv": [6, 2, 9, 5], "texture": "#0"},
				"east": {"uv": [6, 2, 9, 5], "texture": "#0"},
				"south": {"uv": [6, 2, 9, 5], "texture": "#0"},
				"west": {"uv": [6, 2, 9, 5], "texture": "#0"},
				"up": {"uv": [6, 2, 9, 5], "texture": "#0"},
				"down": {"uv": [6, 2, 9, 5], "texture": "#0"}
			}
		},
		{
			"from": [11.51898, 12.38177, 8.3],
			"to": [12.31898, 12.98177, 8.7],
			"rotation": {"angle": -22.5, "axis": "z", "origin": [11.91898, 12.28177, 8.9]},
			"faces": {
				"north": {"uv": [6, 2, 9, 5], "texture": "#0"},
				"east": {"uv": [6, 2, 9, 5], "texture": "#0"},
				"south": {"uv": [6, 2, 9, 5], "texture": "#0"},
				"west": {"uv": [6, 2, 9, 5], "texture": "#0"},
				"up": {"uv": [6, 2, 9, 5], "texture": "#0"},
				"down": {"uv": [6, 2, 9, 5], "texture": "#0"}
			}
		},
		{
			"from": [4.58102, 12.38177, 8.3],
			"to": [5.38102, 12.98177, 8.7],
			"rotation": {"angle": 22.5, "axis": "z", "origin": [4.98102, 12.28177, 8.9]},
			"faces": {
				"north": {"uv": [6, 2, 9, 5], "texture": "#0"},
				"east": {"uv": [6, 2, 9, 5], "texture": "#0"},
				"south": {"uv": [6, 2, 9, 5], "texture": "#0"},
				"west": {"uv": [6, 2, 9, 5], "texture": "#0"},
				"up": {"uv": [6, 2, 9, 5], "texture": "#0"},
				"down": {"uv": [6, 2, 9, 5], "texture": "#0"}
			}
		},
		{
			"from": [12.26855, 11.98044, 8.4],
			"to": [13.26855, 12.38044, 8.6],
			"rotation": {"angle": -45, "axis": "z", "origin": [12.76855, 12.28044, 8]},
			"faces": {
				"north": {"uv": [6, 11, 9, 12], "texture": "#0"},
				"east": {"uv": [6, 11, 9, 12], "texture": "#0"},
				"south": {"uv": [6, 11, 9, 12], "texture": "#0"},
				"west": {"uv": [6, 11, 9, 12], "texture": "#0"},
				"up": {"uv": [6, 11, 9, 12], "texture": "#0"},
				"down": {"uv": [6, 11, 9, 12], "texture": "#0"}
			}
		},
		{
			"from": [3.63145, 11.98044, 8.4],
			"to": [4.63145, 12.38044, 8.6],
			"rotation": {"angle": 45, "axis": "z", "origin": [4.13145, 12.28044, 8]},
			"faces": {
				"north": {"uv": [6, 11, 9, 12], "texture": "#0"},
				"east": {"uv": [6, 11, 9, 12], "texture": "#0"},
				"south": {"uv": [6, 11, 9, 12], "texture": "#0"},
				"west": {"uv": [6, 11, 9, 12], "texture": "#0"},
				"up": {"uv": [6, 11, 9, 12], "texture": "#0"},
				"down": {"uv": [6, 11, 9, 12], "texture": "#0"}
			}
		},
		{
			"from": [8, 12.5, 7.6],
			"to": [8.9, 13.4, 8.1],
			"rotation": {"angle": 45, "axis": "z", "origin": [8.45, 13, 7.8]},
			"faces": {
				"north": {"uv": [0, 16, 16, 0], "texture": "#2"},
				"east": {"uv": [0, 16, 16, 0], "texture": "#2"},
				"south": {"uv": [0, 16, 16, 0], "texture": "#2"},
				"west": {"uv": [0, 16, 16, 0], "texture": "#2"},
				"up": {"uv": [0, 16, 16, 0], "texture": "#2"},
				"down": {"uv": [0, 16, 16, 0], "texture": "#2"}
			}
		}
	],
	"display": {
		"thirdperson_righthand": {
			"rotation": [0, -90, 0],
			"translation": [1, 3.25, 0.25],
			"scale": [1.7, 1.34, 2.02]
		},
		"thirdperson_lefthand": {
			"rotation": [0, -90, 0],
			"translation": [1, 3.25, 2.25],
			"scale": [1.7, 1.34, 2.02]
		},
		"firstperson_righthand": {
			"rotation": [0, -90, 0],
			"translation": [0, 3.25, 0],
			"scale": [1.5, 1.5, 1.5]
		},
		"firstperson_lefthand": {
			"rotation": [0, -90, 0],
			"translation": [0, 3.25, 0],
			"scale": [1.5, 1.5, 1.5]
		},
		"ground": {
			"translation": [1.75, 6.25, -1],
			"scale": [1.5, 1.5, 1.5]
		},
		"gui": {
			"rotation": [0, -180, 43],
			"scale": [1, 1.28, 1]
		},
		"head": {
			"translation": [0, 6.75, 0],
			"scale": [2, 2, 2]
		},
		"fixed": {
			"translation": [0, 0, -1.25]
		}
	},
	"groups": [
		{
			"name": "pick_handle",
			"origin": [0, 0, 0],
			"children": [0, 1, 2, 3]
		},
		{
			"name": "pick_head",
			"origin": [0, 0, 0],
			"children": [4, 5, 6, 7, 8, 9, 10, 11, 12, 13, 14, 15, 16, 17, 18]
		}
	]
}