{
	"texture_size": [64, 17],
	"textures": {
		"0": "./mystery_hammer",
		"particle": "./mystery_hammer"
	},
	"elements": [
		{
			"from": [-0.2, -0.2, -9.2],
			"to": [5.2, 1.2, -3.8],
			"rotation": {"angle": 0, "axis": "y", "origin": [-2, 8, -1]},
			"faces": {
				"north": {"uv": [12.25, 13.17647, 13.5, 14.11765], "texture": "#0"},
				"east": {"uv": [11, 13.17647, 12.25, 14.11765], "texture": "#0"},
				"south": {"uv": [14.75, 13.17647, 16, 14.11765], "texture": "#0"},
				"west": {"uv": [13.5, 13.17647, 14.75, 14.11765], "texture": "#0"},
				"up": {"uv": [13.5, 13.17647, 12.25, 8.47059], "texture": "#0"},
				"down": {"uv": [14.75, 8.47059, 13.5, 13.17647], "texture": "#0"}
			}
		},
		{
			"from": [-0.2, 6.8, -9.2],
			"to": [5.2, 8.2, -3.8],
			"rotation": {"angle": 0, "axis": "y", "origin": [-2, 8, -1]},
			"faces": {
				"north": {"uv": [1.25, 9.41176, 2.5, 10.35294], "texture": "#0"},
				"east": {"uv": [0, 9.41176, 1.25, 10.35294], "texture": "#0"},
				"south": {"uv": [3.75, 9.41176, 5, 10.35294], "texture": "#0"},
				"west": {"uv": [2.5, 9.41176, 3.75, 10.35294], "texture": "#0"},
				"up": {"uv": [2.5, 9.41176, 1.25, 4.70588], "texture": "#0"},
				"down": {"uv": [3.75, 4.70588, 2.5, 9.41176], "texture": "#0"}
			}
		},
		{
			"from": [0, 1, -9],
			"to": [5, 7, -4],
			"rotation": {"angle": 0, "axis": "y", "origin": [-2, 8, -1]},
			"faces": {
				"north": {"uv": [6.5, 10.35294, 7.75, 16], "texture": "#0"},
				"east": {"uv": [5.25, 10.35294, 6.5, 16], "texture": "#0"},
				"south": {"uv": [9, 10.35294, 10.25, 16], "texture": "#0"},
				"west": {"uv": [7.75, 10.35294, 9, 16], "texture": "#0"},
				"up": {"uv": [7.75, 10.35294, 6.5, 5.64706], "texture": "#0"},
				"down": {"uv": [9, 5.64706, 7.75, 10.35294], "texture": "#0"}
			}
		},
		{
			"from": [2, 3, -5],
			"to": [3, 4, 5],
			"rotation": {"angle": 0, "axis": "y", "origin": [-2, 8, -1]},
			"faces": {
				"north": {"uv": [2.5, 9.41176, 2.75, 10.35294], "texture": "#0"},
				"east": {"uv": [0, 9.41176, 2.5, 10.35294], "texture": "#0"},
				"south": {"uv": [5.25, 9.41176, 5.5, 10.35294], "texture": "#0"},
				"west": {"uv": [2.75, 9.41176, 5.25, 10.35294], "texture": "#0"},
				"up": {"uv": [2.75, 9.41176, 2.5, 0], "texture": "#0"},
				"down": {"uv": [3, 0, 2.75, 9.41176], "texture": "#0"}
			}
		}
	],
	"display": {
		"thirdperson_righthand": {
			"rotation": [91, 0, 0],
			"translation": [7, -9.5, 5.5],
			"scale": [1.3, 1.3, 1.5]
		},
		"thirdperson_lefthand": {
			"rotation": [92, 0, 0],
			"translation": [-7, -9.5, 5.5],
			"scale": [1.3, 1.3, 1.5]
		},
		"firstperson_righthand": {
			"rotation": [40, 0, 0],
			"translation": [15, -8, 5.75],
			"scale": [1.3, 1.3, 1.5]
		},
		"firstperson_lefthand": {
			"rotation": [40, 0, 0],
			"translation": [6, -8.5, 6.5],
			"scale": [1.3, 1.3, 1.5]
		},
		"ground": {
			"translation": [6.75, 7, 15.25],
			"scale": [1.2, 1.2, 1.5]
		},
		"gui": {
			"rotation": [84, -4, -95],
			"translation": [2.75, -11, 0]
		},
		"head": {
			"rotation": [1, -46, 10],
			"translation": [-22.5, 24.5, 29.75],
			"scale": [2.3, 2.2, 2.5]
		},
		"fixed": {
			"rotation": [91, 0, -85],
			"translation": [7.5, -15, -13.75],
			"scale": [1.5, 1.5, 1.5]
		}
	},
	"groups": [
		{
			"name": "hammer",
			"origin": [-2, 8, -1],
			"children": [0, 1, 2, 3]
		}
	]
}