{
	"credit": "Made with Blockbench",
	"textures": {
		"0": "block/bone_block_side",
		"1": "block/coal_block",
		"2": "block/cracked_polished_blackstone_bricks",
		"3": "block/carved_pumpkin",
		"4": "block/cut_sandstone",
		"particle": "block/bone_block_side"
	},
	"elements": [
		{
			"from": [9, 5, 8.5],
			"to": [10, 6, 8.7],
			"faces": {
				"north": {"uv": [0, 0, 1, 1], "texture": "#0"},
				"east": {"uv": [0, 0, 0.2, 1], "texture": "#missing"},
				"south": {"uv": [0, 0, 1, 1], "texture": "#0"},
				"west": {"uv": [0, 0, 0.2, 1], "texture": "#0"},
				"up": {"uv": [0, 0, 1, 0.2], "texture": "#0"},
				"down": {"uv": [0, 0, 1, 0.2], "texture": "#0"}
			}
		},
		{
			"from": [10, 4, 8.5],
			"to": [11, 5, 8.7],
			"faces": {
				"north": {"uv": [0, 0, 1, 1], "texture": "#0"},
				"east": {"uv": [0, 0, 0.2, 1], "texture": "#missing"},
				"south": {"uv": [0, 0, 1, 1], "texture": "#0"},
				"west": {"uv": [0, 0, 0.2, 1], "texture": "#0"},
				"up": {"uv": [0, 0, 1, 0.2], "texture": "#0"},
				"down": {"uv": [0, 0, 1, 0.2], "texture": "#0"}
			}
		},
		{
			"from": [11, 3, 8.5],
			"to": [12, 4, 8.7],
			"faces": {
				"north": {"uv": [0, 0, 1, 1], "texture": "#0"},
				"east": {"uv": [0, 0, 0.2, 1], "texture": "#missing"},
				"south": {"uv": [0, 0, 1, 1], "texture": "#4"},
				"west": {"uv": [0, 0, 0.2, 1], "texture": "#0"},
				"up": {"uv": [0, 0, 1, 0.2], "texture": "#0"},
				"down": {"uv": [0, 0, 1, 0.2], "texture": "#0"}
			}
		},
		{
			"from": [12, 2, 8.5],
			"to": [13, 3, 8.7],
			"faces": {
				"north": {"uv": [0, 0, 1, 1], "texture": "#0"},
				"east": {"uv": [0, 0, 0.2, 1], "texture": "#missing"},
				"south": {"uv": [0, 0, 1, 1], "texture": "#0"},
				"west": {"uv": [0, 0, 0.2, 1], "texture": "#0"},
				"up": {"uv": [0, 0, 1, 0.2], "texture": "#0"},
				"down": {"uv": [0, 0, 1, 0.2], "texture": "#0"}
			}
		},
		{
			"from": [13, 1, 8.5],
			"to": [14, 2, 8.7],
			"faces": {
				"north": {"uv": [0, 0, 1, 1], "texture": "#4"},
				"east": {"uv": [0, 0, 0.2, 1], "texture": "#0"},
				"south": {"uv": [0, 0, 1, 1], "texture": "#0"},
				"west": {"uv": [0, 0, 0.2, 1], "texture": "#0"},
				"up": {"uv": [0, 0, 1, 0.2], "texture": "#0"},
				"down": {"uv": [0, 0, 1, 0.2], "texture": "#0"}
			}
		},
		{
			"from": [14, 2, 8.5],
			"to": [15, 3, 8.7],
			"faces": {
				"north": {"uv": [0, 0, 1, 1], "texture": "#0"},
				"east": {"uv": [0, 0, 0.2, 1], "texture": "#0"},
				"south": {"uv": [0, 0, 1, 1], "texture": "#4"},
				"west": {"uv": [0, 0, 0.2, 1], "texture": "#0"},
				"up": {"uv": [0, 0, 1, 0.2], "texture": "#0"},
				"down": {"uv": [0, 0, 1, 0.2], "texture": "#0"}
			}
		},
		{
			"from": [13, 3, 8.5],
			"to": [14, 4, 8.7],
			"faces": {
				"north": {"uv": [0, 0, 1, 1], "texture": "#4"},
				"east": {"uv": [0, 0, 0.2, 1], "texture": "#0"},
				"south": {"uv": [0, 0, 1, 1], "texture": "#0"},
				"west": {"uv": [0, 0, 0.2, 1], "texture": "#0"},
				"up": {"uv": [0, 0, 1, 0.2], "texture": "#0"},
				"down": {"uv": [0, 0, 1, 0.2], "texture": "#0"}
			}
		},
		{
			"from": [12, 4, 8.5],
			"to": [13, 5, 8.7],
			"faces": {
				"north": {"uv": [0, 0, 1, 1], "texture": "#0"},
				"east": {"uv": [0, 0, 0.2, 1], "texture": "#0"},
				"south": {"uv": [0, 0, 1, 1], "texture": "#0"},
				"west": {"uv": [0, 0, 0.2, 1], "texture": "#0"},
				"up": {"uv": [0, 0, 1, 0.2], "texture": "#0"},
				"down": {"uv": [0, 0, 1, 0.2], "texture": "#0"}
			}
		},
		{
			"from": [11, 5, 8.5],
			"to": [12, 6, 8.7],
			"faces": {
				"north": {"uv": [0, 0, 1, 1], "texture": "#4"},
				"east": {"uv": [0, 0, 0.2, 1], "texture": "#0"},
				"south": {"uv": [0, 0, 1, 1], "texture": "#0"},
				"west": {"uv": [0, 0, 0.2, 1], "texture": "#0"},
				"up": {"uv": [0, 0, 1, 0.2], "texture": "#0"},
				"down": {"uv": [0, 0, 1, 0.2], "texture": "#0"}
			}
		},
		{
			"from": [10, 6, 8.5],
			"to": [11, 7, 8.7],
			"faces": {
				"north": {"uv": [0, 0, 1, 1], "texture": "#0"},
				"east": {"uv": [0, 0, 0.2, 1], "texture": "#0"},
				"south": {"uv": [0, 0, 1, 1], "texture": "#0"},
				"west": {"uv": [0, 0, 0.2, 1], "texture": "#0"},
				"up": {"uv": [0, 0, 1, 0.2], "texture": "#0"},
				"down": {"uv": [0, 0, 1, 0.2], "texture": "#0"}
			}
		},
		{
			"from": [9, 7, 8.5],
			"to": [10, 8, 8.7],
			"faces": {
				"north": {"uv": [0, 0, 1, 1], "texture": "#0"},
				"east": {"uv": [0, 0, 0.2, 1], "texture": "#0"},
				"south": {"uv": [0, 0, 1, 1], "texture": "#0"},
				"west": {"uv": [0, 0, 0.2, 1], "texture": "#0"},
				"up": {"uv": [0, 0, 1, 0.2], "texture": "#0"},
				"down": {"uv": [0, 0, 1, 0.2], "texture": "#0"}
			}
		},
		{
			"from": [9, 8, 8.5],
			"to": [10, 9, 8.7],
			"faces": {
				"north": {"uv": [0, 0, 1, 1], "texture": "#4"},
				"east": {"uv": [0, 0, 0.2, 1], "texture": "#0"},
				"south": {"uv": [0, 0, 1, 1], "texture": "#4"},
				"west": {"uv": [0, 0, 0.2, 1], "texture": "#0"},
				"up": {"uv": [0, 0, 1, 0.2], "texture": "#0"},
				"down": {"uv": [0, 0, 1, 0.2], "texture": "#0"}
			}
		},
		{
			"from": [8, 9, 8.5],
			"to": [9, 10, 8.7],
			"faces": {
				"north": {"uv": [0, 0, 1, 1], "texture": "#0"},
				"east": {"uv": [0, 0, 0.2, 1], "texture": "#0"},
				"south": {"uv": [0, 0, 1, 1], "texture": "#0"},
				"west": {"uv": [0, 0, 0.2, 1], "texture": "#0"},
				"up": {"uv": [0, 0, 1, 0.2], "texture": "#0"},
				"down": {"uv": [0, 0, 1, 0.2], "texture": "#0"}
			}
		},
		{
			"from": [7, 10, 8.5],
			"to": [8, 11, 8.7],
			"faces": {
				"north": {"uv": [0, 0, 1, 1], "texture": "#0"},
				"east": {"uv": [0, 0, 0.2, 1], "texture": "#0"},
				"south": {"uv": [0, 0, 1, 1], "texture": "#0"},
				"west": {"uv": [0, 0, 0.2, 1], "texture": "#0"},
				"up": {"uv": [0, 0, 1, 0.2], "texture": "#0"},
				"down": {"uv": [0, 0, 1, 0.2], "texture": "#0"}
			}
		},
		{
			"from": [6, 11, 8.5],
			"to": [7, 12, 8.7],
			"faces": {
				"north": {"uv": [0, 0, 1, 1], "texture": "#0"},
				"east": {"uv": [0, 0, 0.2, 1], "texture": "#0"},
				"south": {"uv": [0, 0, 1, 1], "texture": "#0"},
				"west": {"uv": [0, 0, 0.2, 1], "texture": "#0"},
				"up": {"uv": [0, 0, 1, 0.2], "texture": "#0"},
				"down": {"uv": [0, 0, 1, 0.2], "texture": "#0"}
			}
		},
		{
			"from": [10, 5, 8],
			"to": [11, 6, 9],
			"faces": {
				"north": {"uv": [0, 0, 1, 1], "texture": "#4"},
				"east": {"uv": [0, 0, 1, 1], "texture": "#0"},
				"south": {"uv": [0, 0, 1, 1], "texture": "#4"},
				"west": {"uv": [0, 0, 1, 1], "texture": "#0"},
				"up": {"uv": [0, 0, 1, 1], "texture": "#0"},
				"down": {"uv": [0, 0, 1, 1], "texture": "#0"}
			}
		},
		{
			"from": [9, 6, 8],
			"to": [10, 7, 9],
			"faces": {
				"north": {"uv": [0, 0, 1, 1], "texture": "#0"},
				"east": {"uv": [0, 0, 1, 1], "texture": "#0"},
				"south": {"uv": [0, 0, 1, 1], "texture": "#0"},
				"west": {"uv": [0, 0, 1, 1], "texture": "#0"},
				"up": {"uv": [0, 0, 1, 1], "texture": "#0"},
				"down": {"uv": [0, 0, 1, 1], "texture": "#0"}
			}
		},
		{
			"from": [8, 7, 8.2],
			"to": [9, 8, 8.7],
			"faces": {
				"north": {"uv": [0, 0, 1, 1], "texture": "#0"},
				"east": {"uv": [0, 0, 0.5, 1], "texture": "#0"},
				"south": {"uv": [0, 0, 1, 1], "texture": "#4"},
				"west": {"uv": [0, 0, 0.5, 1], "texture": "#0"},
				"up": {"uv": [0, 0, 1, 0.5], "texture": "#0"},
				"down": {"uv": [0, 0, 1, 0.5], "texture": "#0"}
			}
		},
		{
			"from": [8, 8, 8],
			"to": [9, 9, 9],
			"faces": {
				"north": {"uv": [0, 0, 1, 1], "texture": "#0"},
				"east": {"uv": [0, 0, 1, 1], "texture": "#0"},
				"south": {"uv": [0, 0, 1, 1], "texture": "#0"},
				"west": {"uv": [0, 0, 1, 1], "texture": "#0"},
				"up": {"uv": [0, 0, 1, 1], "texture": "#0"},
				"down": {"uv": [0, 0, 1, 1], "texture": "#0"}
			}
		},
		{
			"from": [7, 8, 8.4],
			"to": [8, 9, 9],
			"faces": {
				"north": {"uv": [0, 0, 1, 1], "texture": "#4"},
				"east": {"uv": [0, 0, 0.6, 1], "texture": "#0"},
				"south": {"uv": [0, 0, 1, 1], "texture": "#0"},
				"west": {"uv": [0, 0, 0.6, 1], "texture": "#0"},
				"up": {"uv": [0, 0, 1, 0.6], "texture": "#0"},
				"down": {"uv": [0, 0, 1, 0.6], "texture": "#0"}
			}
		},
		{
			"from": [7, 9, 8],
			"to": [8, 10, 9],
			"faces": {
				"north": {"uv": [0, 0, 1, 1], "texture": "#0"},
				"east": {"uv": [0, 0, 1, 1], "texture": "#0"},
				"south": {"uv": [0, 0, 1, 1], "texture": "#0"},
				"west": {"uv": [0, 0, 1, 1], "texture": "#0"},
				"up": {"uv": [0, 0, 1, 1], "texture": "#0"},
				"down": {"uv": [0, 0, 1, 1], "texture": "#0"}
			}
		},
		{
			"from": [6, 9, 8],
			"to": [7, 10, 9],
			"faces": {
				"north": {"uv": [0, 0, 1, 1], "texture": "#0"},
				"east": {"uv": [0, 0, 1, 1], "texture": "#0"},
				"south": {"uv": [0, 0, 1, 1], "texture": "#4"},
				"west": {"uv": [0, 0, 1, 1], "texture": "#0"},
				"up": {"uv": [0, 0, 1, 1], "texture": "#0"},
				"down": {"uv": [0, 0, 1, 1], "texture": "#0"}
			}
		},
		{
			"from": [6, 10, 8],
			"to": [7, 11, 9],
			"faces": {
				"north": {"uv": [0, 0, 1, 1], "texture": "#0"},
				"east": {"uv": [0, 0, 1, 1], "texture": "#0"},
				"south": {"uv": [0, 0, 1, 1], "texture": "#0"},
				"west": {"uv": [0, 0, 1, 1], "texture": "#0"},
				"up": {"uv": [0, 0, 1, 1], "texture": "#0"},
				"down": {"uv": [0, 0, 1, 1], "texture": "#0"}
			}
		},
		{
			"from": [5, 10, 8],
			"to": [6, 11, 9],
			"faces": {
				"north": {"uv": [0, 0, 1, 1], "texture": "#0"},
				"east": {"uv": [0, 0, 1, 1], "texture": "#0"},
				"south": {"uv": [0, 0, 1, 1], "texture": "#0"},
				"west": {"uv": [0, 0, 1, 1], "texture": "#0"},
				"up": {"uv": [0, 0, 1, 1], "texture": "#0"},
				"down": {"uv": [0, 0, 1, 1], "texture": "#0"}
			}
		},
		{
			"from": [5, 11, 8],
			"to": [6, 12, 9],
			"faces": {
				"north": {"uv": [0, 0, 1, 1], "texture": "#0"},
				"east": {"uv": [0, 0, 1, 1], "texture": "#0"},
				"south": {"uv": [0, 0, 1, 1], "texture": "#0"},
				"west": {"uv": [0, 0, 1, 1], "texture": "#0"},
				"up": {"uv": [0, 0, 1, 1], "texture": "#0"},
				"down": {"uv": [0, 0, 1, 1], "texture": "#0"}
			}
		},
		{
			"from": [4, 11, 8],
			"to": [5, 12, 9],
			"faces": {
				"north": {"uv": [0, 0, 1, 1], "texture": "#0"},
				"east": {"uv": [0, 0, 1, 1], "texture": "#0"},
				"south": {"uv": [0, 0, 1, 1], "texture": "#0"},
				"west": {"uv": [0, 0, 1, 1], "texture": "#0"},
				"up": {"uv": [0, 0, 1, 1], "texture": "#0"},
				"down": {"uv": [0, 0, 1, 1], "texture": "#0"}
			}
		},
		{
			"from": [4, 12, 8],
			"to": [5, 13, 9],
			"faces": {
				"north": {"uv": [0, 0, 1, 1], "texture": "#0"},
				"east": {"uv": [0, 0, 1, 1], "texture": "#0"},
				"south": {"uv": [0, 0, 1, 1], "texture": "#0"},
				"west": {"uv": [0, 0, 1, 1], "texture": "#0"},
				"up": {"uv": [0, 0, 1, 1], "texture": "#0"},
				"down": {"uv": [0, 0, 1, 1], "texture": "#0"}
			}
		},
		{
			"from": [5, 12, 8],
			"to": [6, 13, 9],
			"faces": {
				"north": {"uv": [0, 0, 1, 1], "texture": "#0"},
				"east": {"uv": [0, 0, 1, 1], "texture": "#0"},
				"south": {"uv": [0, 0, 1, 1], "texture": "#0"},
				"west": {"uv": [0, 0, 1, 1], "texture": "#0"},
				"up": {"uv": [0, 0, 1, 1], "texture": "#0"},
				"down": {"uv": [0, 0, 1, 1], "texture": "#0"}
			}
		},
		{
			"from": [4, 13, 8],
			"to": [5, 14, 9],
			"faces": {
				"north": {"uv": [0, 0, 1, 1], "texture": "#0"},
				"east": {"uv": [0, 0, 1, 1], "texture": "#0"},
				"south": {"uv": [0, 0, 1, 1], "texture": "#0"},
				"west": {"uv": [0, 0, 1, 1], "texture": "#0"},
				"up": {"uv": [0, 0, 1, 1], "texture": "#0"},
				"down": {"uv": [0, 0, 1, 1], "texture": "#0"}
			}
		},
		{
			"from": [3, 13, 8],
			"to": [4, 14, 9],
			"faces": {
				"north": {"uv": [0, 0, 1, 1], "texture": "#0"},
				"east": {"uv": [0, 0, 1, 1], "texture": "#0"},
				"south": {"uv": [0, 0, 1, 1], "texture": "#0"},
				"west": {"uv": [0, 0, 1, 1], "texture": "#0"},
				"up": {"uv": [0, 0, 1, 1], "texture": "#0"},
				"down": {"uv": [0, 0, 1, 1], "texture": "#0"}
			}
		},
		{
			"from": [3, 12, 8],
			"to": [4, 13, 9],
			"faces": {
				"north": {"uv": [0, 0, 1, 1], "texture": "#0"},
				"east": {"uv": [0, 0, 1, 1], "texture": "#0"},
				"south": {"uv": [0, 0, 1, 1], "texture": "#0"},
				"west": {"uv": [0, 0, 1, 1], "texture": "#0"},
				"up": {"uv": [0, 0, 1, 1], "texture": "#0"},
				"down": {"uv": [0, 0, 1, 1], "texture": "#0"}
			}
		},
		{
			"from": [3, 14, 8],
			"to": [4, 15, 9],
			"faces": {
				"north": {"uv": [0, 0, 1, 1], "texture": "#0"},
				"east": {"uv": [0, 0, 1, 1], "texture": "#0"},
				"south": {"uv": [0, 0, 1, 1], "texture": "#4"},
				"west": {"uv": [0, 0, 1, 1], "texture": "#0"},
				"up": {"uv": [0, 0, 1, 1], "texture": "#0"},
				"down": {"uv": [0, 0, 1, 1], "texture": "#0"}
			}
		},
		{
			"from": [2, 13, 8],
			"to": [3, 14, 9],
			"faces": {
				"north": {"uv": [0, 0, 1, 1], "texture": "#0"},
				"east": {"uv": [0, 0, 1, 1], "texture": "#0"},
				"south": {"uv": [0, 0, 1, 1], "texture": "#4"},
				"west": {"uv": [0, 0, 1, 1], "texture": "#0"},
				"up": {"uv": [0, 0, 1, 1], "texture": "#0"},
				"down": {"uv": [0, 0, 1, 1], "texture": "#0"}
			}
		},
		{
			"from": [11, 4, 8],
			"to": [12, 5, 9],
			"faces": {
				"north": {"uv": [0, 0, 1, 1], "texture": "#0"},
				"east": {"uv": [0, 0, 1, 1], "texture": "#0"},
				"south": {"uv": [0, 0, 1, 1], "texture": "#0"},
				"west": {"uv": [0, 0, 1, 1], "texture": "#0"},
				"up": {"uv": [0, 0, 1, 1], "texture": "#0"},
				"down": {"uv": [0, 0, 1, 1], "texture": "#0"}
			}
		},
		{
			"from": [12, 3, 8],
			"to": [13, 4, 9],
			"faces": {
				"north": {"uv": [0, 0, 1, 1], "texture": "#0"},
				"east": {"uv": [0, 0, 1, 1], "texture": "#0"},
				"south": {"uv": [0, 0, 1, 1], "texture": "#0"},
				"west": {"uv": [0, 0, 1, 1], "texture": "#0"},
				"up": {"uv": [0, 0, 1, 1], "texture": "#0"},
				"down": {"uv": [0, 0, 1, 1], "texture": "#0"}
			}
		},
		{
			"from": [13, 2, 8],
			"to": [14, 3, 9],
			"faces": {
				"north": {"uv": [0, 0, 1, 1], "texture": "#0"},
				"east": {"uv": [0, 0, 1, 1], "texture": "#0"},
				"south": {"uv": [0, 0, 1, 1], "texture": "#0"},
				"west": {"uv": [0, 0, 1, 1], "texture": "#0"},
				"up": {"uv": [0, 0, 1, 1], "texture": "#0"},
				"down": {"uv": [0, 0, 1, 1], "texture": "#0"}
			}
		},
		{
			"from": [2, 14, 7.8],
			"to": [3, 15, 9.2],
			"faces": {
				"north": {"uv": [0, 0, 16, 16], "texture": "#3"},
				"east": {"uv": [0, 0, 1.4, 1], "texture": "#missing"},
				"south": {"uv": [0, 0, 16, 15], "texture": "#3"},
				"west": {"uv": [0, 0, 15, 16], "texture": "#3"},
				"up": {"uv": [0, 0, 2, 2], "texture": "#3"},
				"down": {"uv": [0, 0, 1, 1.4], "texture": "#missing"}
			}
		},
		{
			"from": [4, 9, 8.4],
			"to": [5, 10, 8.6],
			"faces": {
				"north": {"uv": [0, 0, 1, 1], "texture": "#1"},
				"east": {"uv": [0, 0, 0.2, 1], "texture": "#1"},
				"south": {"uv": [0, 0, 16, 7], "texture": "#1"},
				"west": {"uv": [0, 0, 0.2, 1], "texture": "#1"},
				"up": {"uv": [0, 0, 1, 0.2], "texture": "#1"},
				"down": {"uv": [0, 0, 1, 0.2], "texture": "#1"}
			}
		},
		{
			"from": [6, 14, 8.4],
			"to": [7, 15, 8.6],
			"faces": {
				"north": {"uv": [0, 0, 1, 1], "texture": "#1"},
				"east": {"uv": [0, 0, 0.2, 1], "texture": "#1"},
				"south": {"uv": [0, 0, 16, 7], "texture": "#1"},
				"west": {"uv": [0, 0, 0.2, 1], "texture": "#1"},
				"up": {"uv": [0, 0, 1, 0.2], "texture": "#1"},
				"down": {"uv": [0, 0, 1, 0.2], "texture": "#1"}
			}
		},
		{
			"from": [6, 13, 8.4],
			"to": [7, 14, 8.6],
			"faces": {
				"north": {"uv": [0, 0, 1, 1], "texture": "#1"},
				"east": {"uv": [0, 0, 0.2, 1], "texture": "#1"},
				"south": {"uv": [0, 0, 16, 7], "texture": "#1"},
				"west": {"uv": [0, 0, 0.2, 1], "texture": "#1"},
				"up": {"uv": [0, 0, 1, 0.2], "texture": "#1"},
				"down": {"uv": [0, 0, 1, 0.2], "texture": "#1"}
			}
		},
		{
			"from": [7, 15, 8.4],
			"to": [8, 16, 8.6],
			"faces": {
				"north": {"uv": [0, 0, 1, 1], "texture": "#1"},
				"east": {"uv": [0, 0, 0.2, 1], "texture": "#1"},
				"south": {"uv": [0, 0, 16, 7], "texture": "#1"},
				"west": {"uv": [0, 0, 0.2, 1], "texture": "#1"},
				"up": {"uv": [0, 0, 1, 0.2], "texture": "#1"},
				"down": {"uv": [0, 0, 1, 0.2], "texture": "#1"}
			}
		},
		{
			"from": [6, 16, 8.4],
			"to": [7, 17, 8.6],
			"faces": {
				"north": {"uv": [0, 0, 1, 1], "texture": "#1"},
				"east": {"uv": [0, 0, 0.2, 1], "texture": "#1"},
				"south": {"uv": [0, 0, 16, 7], "texture": "#1"},
				"west": {"uv": [0, 0, 0.2, 1], "texture": "#1"},
				"up": {"uv": [0, 0, 1, 0.2], "texture": "#1"},
				"down": {"uv": [0, 0, 1, 0.2], "texture": "#1"}
			}
		},
		{
			"from": [5, 15, 8.4],
			"to": [6, 16, 8.6],
			"faces": {
				"north": {"uv": [0, 0, 1, 1], "texture": "#1"},
				"east": {"uv": [0, 0, 0.2, 1], "texture": "#1"},
				"south": {"uv": [0, 0, 16, 7], "texture": "#1"},
				"west": {"uv": [0, 0, 0.2, 1], "texture": "#1"},
				"up": {"uv": [0, 0, 1, 0.2], "texture": "#1"},
				"down": {"uv": [0, 0, 1, 0.2], "texture": "#1"}
			}
		},
		{
			"from": [4, 14, 8.4],
			"to": [5, 15, 8.6],
			"faces": {
				"north": {"uv": [0, 0, 1, 1], "texture": "#1"},
				"east": {"uv": [0, 0, 0.2, 1], "texture": "#1"},
				"south": {"uv": [0, 0, 16, 7], "texture": "#1"},
				"west": {"uv": [0, 0, 0.2, 1], "texture": "#1"},
				"up": {"uv": [0, 0, 1, 0.2], "texture": "#1"},
				"down": {"uv": [0, 0, 1, 0.2], "texture": "#1"}
			}
		},
		{
			"from": [3, 8, 8.4],
			"to": [4, 9, 8.6],
			"faces": {
				"north": {"uv": [0, 0, 1, 1], "texture": "#1"},
				"east": {"uv": [0, 0, 0.2, 1], "texture": "#1"},
				"south": {"uv": [0, 0, 16, 7], "texture": "#1"},
				"west": {"uv": [0, 0, 0.2, 1], "texture": "#1"},
				"up": {"uv": [0, 0, 1, 0.2], "texture": "#1"},
				"down": {"uv": [0, 0, 1, 0.2], "texture": "#1"}
			}
		},
		{
			"from": [0, 12, 8.4],
			"to": [2, 13, 8.6],
			"faces": {
				"north": {"uv": [0, 0, 1, 1], "texture": "#1"},
				"east": {"uv": [0, 0, 0.2, 1], "texture": "#1"},
				"south": {"uv": [0, 0, 16, 7], "texture": "#1"},
				"west": {"uv": [0, 0, 0.2, 1], "texture": "#1"},
				"up": {"uv": [0, 0, 1, 0.2], "texture": "#1"},
				"down": {"uv": [0, 0, 1, 0.2], "texture": "#1"}
			}
		},
		{
			"from": [2, 7, 8.4],
			"to": [3, 8, 8.6],
			"faces": {
				"north": {"uv": [0, 0, 1, 1], "texture": "#1"},
				"east": {"uv": [0, 0, 0.2, 1], "texture": "#1"},
				"south": {"uv": [0, 0, 16, 7], "texture": "#1"},
				"west": {"uv": [0, 0, 0.2, 1], "texture": "#1"},
				"up": {"uv": [0, 0, 1, 0.2], "texture": "#1"},
				"down": {"uv": [0, 0, 1, 0.2], "texture": "#1"}
			}
		},
		{
			"from": [1, 7, 8.4],
			"to": [2, 8, 8.6],
			"faces": {
				"north": {"uv": [0, 0, 1, 1], "texture": "#1"},
				"east": {"uv": [0, 0, 0.2, 1], "texture": "#1"},
				"south": {"uv": [0, 0, 16, 7], "texture": "#1"},
				"west": {"uv": [0, 0, 0.2, 1], "texture": "#1"},
				"up": {"uv": [0, 0, 1, 0.2], "texture": "#1"},
				"down": {"uv": [0, 0, 1, 0.2], "texture": "#1"}
			}
		},
		{
			"from": [0, 7, 8.4],
			"to": [3, 8, 8.6],
			"faces": {
				"north": {"uv": [0, 0, 1, 1], "texture": "#1"},
				"east": {"uv": [0, 0, 0.2, 1], "texture": "#1"},
				"south": {"uv": [0, 0, 16, 7], "texture": "#1"},
				"west": {"uv": [0, 0, 0.2, 1], "texture": "#1"},
				"up": {"uv": [0, 0, 1, 0.2], "texture": "#1"},
				"down": {"uv": [0, 0, 1, 0.2], "texture": "#1"}
			}
		},
		{
			"from": [-1, 8, 8.4],
			"to": [0, 12, 8.6],
			"faces": {
				"north": {"uv": [0, 0, 1, 1], "texture": "#1"},
				"east": {"uv": [0, 0, 0.2, 1], "texture": "#1"},
				"south": {"uv": [0, 0, 16, 7], "texture": "#1"},
				"west": {"uv": [0, 0, 0.2, 1], "texture": "#1"},
				"up": {"uv": [0, 0, 1, 0.2], "texture": "#1"},
				"down": {"uv": [0, 0, 1, 0.2], "texture": "#1"}
			}
		},
		{
			"from": [2, 8, 8.2],
			"to": [3, 9, 8.8],
			"faces": {
				"north": {"uv": [0, 0, 1, 1], "texture": "#2"},
				"east": {"uv": [0, 0, 0.6, 1], "texture": "#2"},
				"south": {"uv": [0, 0, 1, 1], "texture": "#2"},
				"west": {"uv": [0, 0, 0.6, 1], "texture": "#2"},
				"up": {"uv": [0, 0, 1, 0.6], "texture": "#2"},
				"down": {"uv": [0, 0, 1, 0.6], "texture": "#2"}
			}
		},
		{
			"from": [2, 9, 8.2],
			"to": [3, 10, 8.8],
			"faces": {
				"north": {"uv": [0, 0, 1, 1], "texture": "#2"},
				"east": {"uv": [0, 0, 0.6, 1], "texture": "#2"},
				"south": {"uv": [0, 0, 1, 1], "texture": "#2"},
				"west": {"uv": [0, 0, 0.6, 1], "texture": "#2"},
				"up": {"uv": [0, 0, 1, 0.6], "texture": "#2"},
				"down": {"uv": [0, 0, 1, 0.6], "texture": "#2"}
			}
		},
		{
			"from": [2, 10, 8.2],
			"to": [3, 11, 8.8],
			"faces": {
				"north": {"uv": [0, 0, 1, 1], "texture": "#2"},
				"east": {"uv": [0, 0, 0.6, 1], "texture": "#2"},
				"south": {"uv": [0, 0, 1, 1], "texture": "#2"},
				"west": {"uv": [0, 0, 0.6, 1], "texture": "#2"},
				"up": {"uv": [0, 0, 1, 0.6], "texture": "#2"},
				"down": {"uv": [0, 0, 1, 0.6], "texture": "#2"}
			}
		},
		{
			"from": [2, 11, 8.2],
			"to": [3, 12, 8.8],
			"faces": {
				"north": {"uv": [0, 0, 1, 1], "texture": "#2"},
				"east": {"uv": [0, 0, 0.6, 1], "texture": "#2"},
				"south": {"uv": [0, 0, 1, 1], "texture": "#2"},
				"west": {"uv": [0, 0, 0.6, 1], "texture": "#2"},
				"up": {"uv": [0, 0, 1, 0.6], "texture": "#2"},
				"down": {"uv": [0, 0, 1, 0.6], "texture": "#2"}
			}
		},
		{
			"from": [5, 13, 8.2],
			"to": [6, 14, 8.8],
			"faces": {
				"north": {"uv": [0, 0, 1, 1], "texture": "#2"},
				"east": {"uv": [0, 0, 0.6, 1], "texture": "#2"},
				"south": {"uv": [0, 0, 1, 1], "texture": "#2"},
				"west": {"uv": [0, 0, 0.6, 1], "texture": "#2"},
				"up": {"uv": [0, 0, 1, 0.6], "texture": "#2"},
				"down": {"uv": [0, 0, 1, 0.6], "texture": "#2"}
			}
		},
		{
			"from": [5, 14, 8.2],
			"to": [6, 15, 8.8],
			"faces": {
				"north": {"uv": [0, 0, 1, 1], "texture": "#2"},
				"east": {"uv": [0, 0, 0.6, 1], "texture": "#2"},
				"south": {"uv": [0, 0, 1, 1], "texture": "#2"},
				"west": {"uv": [0, 0, 0.6, 1], "texture": "#2"},
				"up": {"uv": [0, 0, 1, 0.6], "texture": "#2"},
				"down": {"uv": [0, 0, 1, 0.6], "texture": "#2"}
			}
		},
		{
			"from": [6, 15, 8.2],
			"to": [7, 16, 8.8],
			"faces": {
				"north": {"uv": [0, 0, 1, 1], "texture": "#2"},
				"east": {"uv": [0, 0, 0.6, 1], "texture": "#2"},
				"south": {"uv": [0, 0, 1, 1], "texture": "#2"},
				"west": {"uv": [0, 0, 0.6, 1], "texture": "#2"},
				"up": {"uv": [0, 0, 1, 0.6], "texture": "#2"},
				"down": {"uv": [0, 0, 1, 0.6], "texture": "#2"}
			}
		},
		{
			"from": [1, 11, 8.2],
			"to": [2, 12, 8.8],
			"faces": {
				"north": {"uv": [0, 0, 1, 1], "texture": "#2"},
				"east": {"uv": [0, 0, 0.6, 1], "texture": "#2"},
				"south": {"uv": [0, 0, 1, 1], "texture": "#2"},
				"west": {"uv": [0, 0, 0.6, 1], "texture": "#2"},
				"up": {"uv": [0, 0, 1, 0.6], "texture": "#2"},
				"down": {"uv": [0, 0, 1, 0.6], "texture": "#2"}
			}
		},
		{
			"from": [0, 11, 8.2],
			"to": [1, 12, 8.8],
			"faces": {
				"north": {"uv": [0, 0, 1, 1], "texture": "#2"},
				"east": {"uv": [0, 0, 0.6, 1], "texture": "#2"},
				"south": {"uv": [0, 0, 1, 1], "texture": "#2"},
				"west": {"uv": [0, 0, 0.6, 1], "texture": "#2"},
				"up": {"uv": [0, 0, 1, 0.6], "texture": "#2"},
				"down": {"uv": [0, 0, 1, 0.6], "texture": "#2"}
			}
		},
		{
			"from": [0, 10, 8.2],
			"to": [1, 11, 8.8],
			"faces": {
				"north": {"uv": [0, 0, 1, 1], "texture": "#2"},
				"east": {"uv": [0, 0, 0.6, 1], "texture": "#2"},
				"south": {"uv": [0, 0, 1, 1], "texture": "#2"},
				"west": {"uv": [0, 0, 0.6, 1], "texture": "#2"},
				"up": {"uv": [0, 0, 1, 0.6], "texture": "#2"},
				"down": {"uv": [0, 0, 1, 0.6], "texture": "#2"}
			}
		},
		{
			"from": [0, 9, 8.2],
			"to": [1, 10, 8.8],
			"faces": {
				"north": {"uv": [0, 0, 1, 1], "texture": "#2"},
				"east": {"uv": [0, 0, 0.6, 1], "texture": "#2"},
				"south": {"uv": [0, 0, 1, 1], "texture": "#2"},
				"west": {"uv": [0, 0, 0.6, 1], "texture": "#2"},
				"up": {"uv": [0, 0, 1, 0.6], "texture": "#2"},
				"down": {"uv": [0, 0, 1, 0.6], "texture": "#2"}
			}
		},
		{
			"from": [0, 8, 8.2],
			"to": [1, 9, 8.8],
			"faces": {
				"north": {"uv": [0, 0, 1, 1], "texture": "#2"},
				"east": {"uv": [0, 0, 0.6, 1], "texture": "#2"},
				"south": {"uv": [0, 0, 1, 1], "texture": "#2"},
				"west": {"uv": [0, 0, 0.6, 1], "texture": "#2"},
				"up": {"uv": [0, 0, 1, 0.6], "texture": "#2"},
				"down": {"uv": [0, 0, 1, 0.6], "texture": "#2"}
			}
		},
		{
			"from": [1, 8, 8.2],
			"to": [2, 9, 8.8],
			"faces": {
				"north": {"uv": [0, 0, 1, 1], "texture": "#2"},
				"east": {"uv": [0, 0, 0.6, 1], "texture": "#2"},
				"south": {"uv": [0, 0, 1, 1], "texture": "#2"},
				"west": {"uv": [0, 0, 0.6, 1], "texture": "#2"},
				"up": {"uv": [0, 0, 1, 0.6], "texture": "#2"},
				"down": {"uv": [0, 0, 1, 0.6], "texture": "#2"}
			}
		},
		{
			"from": [1, 9, 8.2],
			"to": [2, 10, 8.8],
			"faces": {
				"north": {"uv": [0, 0, 1, 1], "texture": "#2"},
				"east": {"uv": [0, 0, 0.6, 1], "texture": "#2"},
				"south": {"uv": [0, 0, 1, 1], "texture": "#2"},
				"west": {"uv": [0, 0, 0.6, 1], "texture": "#2"},
				"up": {"uv": [0, 0, 1, 0.6], "texture": "#2"},
				"down": {"uv": [0, 0, 1, 0.6], "texture": "#2"}
			}
		},
		{
			"from": [3, 10, 8.2],
			"to": [4, 11, 8.8],
			"faces": {
				"north": {"uv": [0, 0, 1, 1], "texture": "#2"},
				"east": {"uv": [0, 0, 0.6, 1], "texture": "#2"},
				"south": {"uv": [0, 0, 1, 1], "texture": "#2"},
				"west": {"uv": [0, 0, 0.6, 1], "texture": "#2"},
				"up": {"uv": [0, 0, 1, 0.6], "texture": "#2"},
				"down": {"uv": [0, 0, 1, 0.6], "texture": "#2"}
			}
		},
		{
			"from": [3, 11, 8.2],
			"to": [4, 12, 8.8],
			"faces": {
				"north": {"uv": [0, 0, 1, 1], "texture": "#2"},
				"east": {"uv": [0, 0, 0.6, 1], "texture": "#2"},
				"south": {"uv": [0, 0, 1, 1], "texture": "#2"},
				"west": {"uv": [0, 0, 0.6, 1], "texture": "#2"},
				"up": {"uv": [0, 0, 1, 0.6], "texture": "#2"},
				"down": {"uv": [0, 0, 1, 0.6], "texture": "#2"}
			}
		},
		{
			"from": [1, 10, 8.2],
			"to": [2, 11, 8.8],
			"faces": {
				"north": {"uv": [0, 0, 1, 1], "texture": "#2"},
				"east": {"uv": [0, 0, 0.6, 1], "texture": "#2"},
				"south": {"uv": [0, 0, 1, 1], "texture": "#2"},
				"west": {"uv": [0, 0, 0.6, 1], "texture": "#2"},
				"up": {"uv": [0, 0, 1, 0.6], "texture": "#2"},
				"down": {"uv": [0, 0, 1, 0.6], "texture": "#2"}
			}
		},
		{
			"from": [4, 10, 8.2],
			"to": [5, 11, 8.8],
			"faces": {
				"north": {"uv": [0, 0, 1, 1], "texture": "#2"},
				"east": {"uv": [0, 0, 0.6, 1], "texture": "#2"},
				"south": {"uv": [0, 0, 1, 1], "texture": "#2"},
				"west": {"uv": [0, 0, 0.6, 1], "texture": "#2"},
				"up": {"uv": [0, 0, 1, 0.6], "texture": "#2"},
				"down": {"uv": [0, 0, 1, 0.6], "texture": "#2"}
			}
		},
		{
			"from": [3, 9, 8.2],
			"to": [4, 10, 8.8],
			"faces": {
				"north": {"uv": [0, 0, 1, 1], "texture": "#2"},
				"east": {"uv": [0, 0, 0.6, 1], "texture": "#2"},
				"south": {"uv": [0, 0, 1, 1], "texture": "#2"},
				"west": {"uv": [0, 0, 0.6, 1], "texture": "#2"},
				"up": {"uv": [0, 0, 1, 0.6], "texture": "#2"},
				"down": {"uv": [0, 0, 1, 0.6], "texture": "#2"}
			}
		},
		{
			"from": [2, 12, 8.2],
			"to": [3, 13, 8.8],
			"faces": {
				"north": {"uv": [0, 0, 1, 1], "texture": "#2"},
				"east": {"uv": [0, 0, 0.6, 1], "texture": "#2"},
				"south": {"uv": [0, 0, 1, 1], "texture": "#2"},
				"west": {"uv": [0, 0, 0.6, 1], "texture": "#2"},
				"up": {"uv": [0, 0, 1, 0.6], "texture": "#2"},
				"down": {"uv": [0, 0, 1, 0.6], "texture": "#2"}
			}
		}
	],
	"display": {
		"thirdperson_righthand": {
			"rotation": [39, -89, -20],
			"translation": [0.5, 2.5, 3.25],
			"scale": [1, 0.96, 0.96]
		}
	}
}