{
	"credit": "By Maximka",
	"textures": {
		"0": "block/bone_block_side",
		"1": "block/bookshelf",
		"2": "block/white_wool",
		"3": "block/yellow_wool",
		"4": "block/gold_block",
		"5": "block/oak_planks",
		"particle": "block/bone_block_side"
	},
	"elements": [
		{
			"from": [3, 0, 12.5],
			"to": [13, 1, 13.5],
			"faces": {
				"north": {"uv": [0, 0, 16, 3], "texture": "#5"},
				"east": {"uv": [0, 0, 16, 3], "texture": "#5"},
				"south": {"uv": [0, 0, 16, 3], "texture": "#5"},
				"west": {"uv": [0, 0, 16, 3], "texture": "#5"},
				"up": {"uv": [0, 0, 16, 3], "texture": "#5"},
				"down": {"uv": [0, 0, 16, 3], "texture": "#5"}
			}
		},
		{
			"from": [2, 1, 11.5],
			"to": [14, 14.1, 12.5],
			"faces": {
				"north": {"uv": [0, 0, 16, 16], "texture": "#0"},
				"east": {"uv": [0, 0, 16, 16], "texture": "#0"},
				"south": {"uv": [0, 0, 16, 16], "texture": "#0"},
				"west": {"uv": [0, 0, 16, 16], "texture": "#0"},
				"up": {"uv": [0, 0, 16, 16], "texture": "#0"},
				"down": {"uv": [0, 0, 16, 16], "texture": "#0"}
			}
		},
		{
			"from": [4, 4, 12.6],
			"to": [12, 11.1, 12.6],
			"faces": {
				"north": {"uv": [0, 0, 16, 16], "texture": "#1"},
				"east": {"uv": [0, 0, 16, 16], "texture": "#1"},
				"south": {"uv": [0, 0, 16, 16], "rotation": 180, "texture": "#1"},
				"west": {"uv": [0, 0, 16, 16], "texture": "#1"},
				"up": {"uv": [0, 0, 16, 16], "texture": "#1"},
				"down": {"uv": [0, 0, 16, 16], "texture": "#1"}
			}
		},
		{
			"from": [3, 13.7, 12.5],
			"to": [13, 14.7, 13.5],
			"faces": {
				"north": {"uv": [0, 0, 16, 3], "rotation": 180, "texture": "#5"},
				"east": {"uv": [0, 0, 16, 3], "rotation": 180, "texture": "#5"},
				"south": {"uv": [0, 0, 16, 3], "rotation": 180, "texture": "#5"},
				"west": {"uv": [0, 0, 16, 3], "rotation": 180, "texture": "#5"},
				"up": {"uv": [0, 0, 16, 3], "rotation": 180, "texture": "#5"},
				"down": {"uv": [0, 0, 16, 3], "rotation": 180, "texture": "#5"}
			}
		},
		{
			"from": [14, 1.3, 12.5],
			"to": [15, 2.3, 13.5],
			"faces": {
				"north": {"uv": [0, 0, 16, 3], "texture": "#5"},
				"east": {"uv": [0, 0, 16, 3], "texture": "#5"},
				"south": {"uv": [0, 0, 16, 3], "texture": "#5"},
				"west": {"uv": [0, 0, 16, 3], "texture": "#5"},
				"up": {"uv": [0, 0, 16, 3], "texture": "#5"},
				"down": {"uv": [0, 0, 16, 3], "texture": "#5"}
			}
		},
		{
			"from": [1, 12.4, 12.5],
			"to": [2, 13.4, 13.5],
			"faces": {
				"north": {"uv": [0, 0, 16, 3], "rotation": 180, "texture": "#5"},
				"east": {"uv": [0, 0, 16, 3], "rotation": 180, "texture": "#5"},
				"south": {"uv": [0, 0, 16, 3], "rotation": 180, "texture": "#5"},
				"west": {"uv": [0, 0, 16, 3], "rotation": 180, "texture": "#5"},
				"up": {"uv": [0, 0, 16, 3], "rotation": 180, "texture": "#5"},
				"down": {"uv": [0, 0, 16, 3], "rotation": 180, "texture": "#5"}
			}
		},
		{
			"from": [1, 1.7, 11.5],
			"to": [2, 13.1, 12.5],
			"faces": {
				"north": {"uv": [0, 0, 16, 16], "rotation": 180, "texture": "#0"},
				"east": {"uv": [0, 0, 16, 16], "rotation": 180, "texture": "#0"},
				"south": {"uv": [0, 0, 16, 16], "rotation": 180, "texture": "#0"},
				"west": {"uv": [0, 0, 16, 16], "rotation": 180, "texture": "#0"},
				"up": {"uv": [0, 0, 16, 16], "rotation": 180, "texture": "#0"},
				"down": {"uv": [0, 0, 16, 16], "rotation": 180, "texture": "#0"}
			}
		},
		{
			"from": [14, 1.7, 11.5],
			"to": [15, 13.1, 12.5],
			"rotation": {"angle": 0, "axis": "y", "origin": [16, 0, 0]},
			"faces": {
				"north": {"uv": [0, 0, 16, 16], "rotation": 180, "texture": "#0"},
				"east": {"uv": [0, 0, 16, 16], "rotation": 180, "texture": "#0"},
				"south": {"uv": [0, 0, 16, 16], "rotation": 180, "texture": "#0"},
				"west": {"uv": [0, 0, 16, 16], "rotation": 180, "texture": "#0"},
				"up": {"uv": [0, 0, 16, 16], "rotation": 180, "texture": "#0"},
				"down": {"uv": [0, 0, 16, 16], "rotation": 180, "texture": "#0"}
			}
		},
		{
			"from": [1, 1.3, 12.5],
			"to": [2, 2.3, 13.5],
			"rotation": {"angle": 0, "axis": "y", "origin": [16, 0, 0]},
			"faces": {
				"north": {"uv": [0, 0, 16, 3], "texture": "#5"},
				"east": {"uv": [0, 0, 16, 3], "texture": "#5"},
				"south": {"uv": [0, 0, 16, 3], "texture": "#5"},
				"west": {"uv": [0, 0, 16, 3], "texture": "#5"},
				"up": {"uv": [0, 0, 16, 3], "texture": "#5"},
				"down": {"uv": [0, 0, 16, 3], "texture": "#5"}
			}
		},
		{
			"from": [14, 12.4, 12.5],
			"to": [15, 13.4, 13.5],
			"rotation": {"angle": 0, "axis": "y", "origin": [-16, 0, 0]},
			"faces": {
				"north": {"uv": [0, 0, 16, 3], "rotation": 180, "texture": "#5"},
				"east": {"uv": [0, 0, 16, 3], "rotation": 180, "texture": "#5"},
				"south": {"uv": [0, 0, 16, 3], "rotation": 180, "texture": "#5"},
				"west": {"uv": [0, 0, 16, 3], "rotation": 180, "texture": "#5"},
				"up": {"uv": [0, 0, 16, 3], "rotation": 180, "texture": "#5"},
				"down": {"uv": [0, 0, 16, 3], "rotation": 180, "texture": "#5"}
			}
		},
		{
			"from": [2, 0.55, 12.5],
			"to": [3, 1.55, 13.5],
			"rotation": {"angle": 0, "axis": "y", "origin": [16, 0, 0]},
			"faces": {
				"north": {"uv": [0, 0, 16, 3], "texture": "#5"},
				"east": {"uv": [0, 0, 16, 3], "texture": "#5"},
				"south": {"uv": [0, 0, 16, 3], "texture": "#5"},
				"west": {"uv": [0, 0, 16, 3], "texture": "#5"},
				"up": {"uv": [0, 0, 16, 3], "texture": "#5"},
				"down": {"uv": [0, 0, 16, 3], "texture": "#5"}
			}
		},
		{
			"from": [13, 13.15, 12.5],
			"to": [14, 14.15, 13.5],
			"rotation": {"angle": 0, "axis": "y", "origin": [-16, 0, 0]},
			"faces": {
				"north": {"uv": [0, 0, 16, 3], "rotation": 180, "texture": "#5"},
				"east": {"uv": [0, 0, 16, 3], "rotation": 180, "texture": "#5"},
				"south": {"uv": [0, 0, 16, 3], "rotation": 180, "texture": "#5"},
				"west": {"uv": [0, 0, 16, 3], "rotation": 180, "texture": "#5"},
				"up": {"uv": [0, 0, 16, 3], "rotation": 180, "texture": "#5"},
				"down": {"uv": [0, 0, 16, 3], "rotation": 180, "texture": "#5"}
			}
		},
		{
			"from": [13, 0.55, 12.5],
			"to": [14, 1.55, 13.5],
			"faces": {
				"north": {"uv": [0, 0, 16, 3], "texture": "#5"},
				"east": {"uv": [0, 0, 16, 3], "texture": "#5"},
				"south": {"uv": [0, 0, 16, 3], "texture": "#5"},
				"west": {"uv": [0, 0, 16, 3], "texture": "#5"},
				"up": {"uv": [0, 0, 16, 3], "texture": "#5"},
				"down": {"uv": [0, 0, 16, 3], "texture": "#5"}
			}
		},
		{
			"from": [2, 13.15, 12.5],
			"to": [3, 14.15, 13.5],
			"faces": {
				"north": {"uv": [0, 0, 16, 3], "rotation": 180, "texture": "#5"},
				"east": {"uv": [0, 0, 16, 3], "rotation": 180, "texture": "#5"},
				"south": {"uv": [0, 0, 16, 3], "rotation": 180, "texture": "#5"},
				"west": {"uv": [0, 0, 16, 3], "rotation": 180, "texture": "#5"},
				"up": {"uv": [0, 0, 16, 3], "rotation": 180, "texture": "#5"},
				"down": {"uv": [0, 0, 16, 3], "rotation": 180, "texture": "#5"}
			}
		},
		{
			"from": [15, 2.3, 12.5],
			"to": [16, 3.3, 13.5],
			"faces": {
				"north": {"uv": [0, 0, 16, 3], "texture": "#5"},
				"east": {"uv": [0, 0, 16, 3], "texture": "#5"},
				"south": {"uv": [0, 0, 16, 3], "texture": "#5"},
				"west": {"uv": [0, 0, 16, 3], "texture": "#5"},
				"up": {"uv": [0, 0, 16, 3], "texture": "#5"},
				"down": {"uv": [0, 0, 16, 3], "texture": "#5"}
			}
		},
		{
			"from": [0, 11.4, 12.5],
			"to": [1, 12.4, 13.5],
			"faces": {
				"north": {"uv": [0, 0, 16, 3], "rotation": 180, "texture": "#5"},
				"east": {"uv": [0, 0, 16, 3], "rotation": 180, "texture": "#5"},
				"south": {"uv": [0, 0, 16, 3], "rotation": 180, "texture": "#5"},
				"west": {"uv": [0, 0, 16, 3], "rotation": 180, "texture": "#5"},
				"up": {"uv": [0, 0, 16, 3], "rotation": 180, "texture": "#5"},
				"down": {"uv": [0, 0, 16, 3], "rotation": 180, "texture": "#5"}
			}
		},
		{
			"from": [0, 2.3, 12.5],
			"to": [1, 3.3, 13.5],
			"rotation": {"angle": 0, "axis": "y", "origin": [16, 0, 0]},
			"faces": {
				"north": {"uv": [0, 0, 16, 3], "texture": "#5"},
				"east": {"uv": [0, 0, 16, 3], "texture": "#5"},
				"south": {"uv": [0, 0, 16, 3], "texture": "#5"},
				"west": {"uv": [0, 0, 16, 3], "texture": "#5"},
				"up": {"uv": [0, 0, 16, 3], "texture": "#5"},
				"down": {"uv": [0, 0, 16, 3], "texture": "#5"}
			}
		},
		{
			"from": [15, 11.4, 12.5],
			"to": [16, 12.4, 13.5],
			"rotation": {"angle": 0, "axis": "y", "origin": [-16, 0, 0]},
			"faces": {
				"north": {"uv": [0, 0, 16, 3], "rotation": 180, "texture": "#5"},
				"east": {"uv": [0, 0, 16, 3], "rotation": 180, "texture": "#5"},
				"south": {"uv": [0, 0, 16, 3], "rotation": 180, "texture": "#5"},
				"west": {"uv": [0, 0, 16, 3], "rotation": 180, "texture": "#5"},
				"up": {"uv": [0, 0, 16, 3], "rotation": 180, "texture": "#5"},
				"down": {"uv": [0, 0, 16, 3], "rotation": 180, "texture": "#5"}
			}
		},
		{
			"from": [16, 3.3, 12.5],
			"to": [17, 5.4, 13.5],
			"faces": {
				"north": {"uv": [0, 0, 16, 3], "texture": "#5"},
				"east": {"uv": [0, 0, 16, 3], "texture": "#5"},
				"south": {"uv": [0, 0, 16, 3], "texture": "#5"},
				"west": {"uv": [0, 0, 16, 3], "texture": "#5"},
				"up": {"uv": [0, 0, 16, 3], "texture": "#5"},
				"down": {"uv": [0, 0, 16, 3], "texture": "#5"}
			}
		},
		{
			"from": [-1, 3.3, 12.5],
			"to": [0, 11.4, 13.5],
			"rotation": {"angle": 0, "axis": "y", "origin": [16, 0, 0]},
			"faces": {
				"north": {"uv": [0, 0, 16, 3], "texture": "#5"},
				"east": {"uv": [0, 0, 16, 3], "texture": "#5"},
				"south": {"uv": [0, 0, 16, 3], "texture": "#5"},
				"west": {"uv": [0, 0, 16, 3], "texture": "#5"},
				"up": {"uv": [0, 0, 16, 3], "texture": "#5"},
				"down": {"uv": [0, 0, 16, 3], "texture": "#5"}
			}
		},
		{
			"from": [-0.8, 3.6, 11.5],
			"to": [0, 11.1, 12.5],
			"rotation": {"angle": 0, "axis": "y", "origin": [16, 0, 0]},
			"faces": {
				"north": {"uv": [0, 0, 16, 16], "texture": "#0"},
				"east": {"uv": [0, 0, 16, 16], "texture": "#0"},
				"south": {"uv": [0, 0, 16, 16], "texture": "#0"},
				"west": {"uv": [0, 0, 16, 16], "texture": "#0"},
				"up": {"uv": [0, 0, 16, 16], "texture": "#0"},
				"down": {"uv": [0, 0, 16, 16], "texture": "#0"}
			}
		},
		{
			"from": [16, 3.6, 11.5],
			"to": [16.8, 11.1, 12.5],
			"faces": {
				"north": {"uv": [0, 0, 16, 16], "texture": "#0"},
				"east": {"uv": [0, 0, 16, 16], "texture": "#0"},
				"south": {"uv": [0, 0, 16, 16], "texture": "#0"},
				"west": {"uv": [0, 0, 16, 16], "texture": "#0"},
				"up": {"uv": [0, 0, 16, 16], "texture": "#0"},
				"down": {"uv": [0, 0, 16, 16], "texture": "#0"}
			}
		},
		{
			"from": [0, 2.7, 11.5],
			"to": [1, 12, 12.5],
			"rotation": {"angle": 0, "axis": "y", "origin": [16, 0, 0]},
			"faces": {
				"north": {"uv": [0, 0, 16, 16], "texture": "#0"},
				"east": {"uv": [0, 0, 16, 16], "texture": "#0"},
				"south": {"uv": [0, 0, 16, 16], "texture": "#0"},
				"west": {"uv": [0, 0, 16, 16], "texture": "#0"},
				"up": {"uv": [0, 0, 16, 16], "texture": "#0"},
				"down": {"uv": [0, 0, 16, 16], "texture": "#0"}
			}
		},
		{
			"from": [15, 2.7, 11.5],
			"to": [16, 12, 12.5],
			"faces": {
				"north": {"uv": [0, 0, 16, 16], "texture": "#0"},
				"east": {"uv": [0, 0, 16, 16], "texture": "#0"},
				"south": {"uv": [0, 0, 16, 16], "texture": "#0"},
				"west": {"uv": [0, 0, 16, 16], "texture": "#0"},
				"up": {"uv": [0, 0, 16, 16], "texture": "#0"},
				"down": {"uv": [0, 0, 16, 16], "texture": "#0"}
			}
		},
		{
			"from": [16, 5.4, 12.5],
			"to": [17, 11.4, 13.5],
			"rotation": {"angle": 0, "axis": "y", "origin": [-16, 0, 0]},
			"faces": {
				"north": {"uv": [0, 0, 16, 3], "rotation": 180, "texture": "#5"},
				"east": {"uv": [0, 0, 16, 3], "rotation": 180, "texture": "#5"},
				"south": {"uv": [0, 0, 16, 3], "rotation": 180, "texture": "#5"},
				"west": {"uv": [0, 0, 16, 3], "rotation": 180, "texture": "#5"},
				"up": {"uv": [0, 0, 16, 3], "rotation": 180, "texture": "#5"},
				"down": {"uv": [0, 0, 16, 3], "rotation": 180, "texture": "#5"}
			}
		},
		{
			"from": [1.25, 0, 7],
			"to": [1.75, 18, 7.5],
			"faces": {
				"north": {"uv": [0, 0, 1, 16], "texture": "#1"},
				"east": {"uv": [0, 0, 1, 16], "texture": "#1"},
				"south": {"uv": [0, 0, 1, 16], "texture": "#1"},
				"west": {"uv": [0, 0, 1, 16], "texture": "#1"},
				"up": {"uv": [0, 0, 1, 16], "texture": "#1"},
				"down": {"uv": [0, 0, 1, 16], "texture": "#1"}
			}
		},
		{
			"from": [10.25, 0, 7],
			"to": [10.75, 10, 7.5],
			"faces": {
				"north": {"uv": [0, 0, 1, 16], "texture": "#1"},
				"east": {"uv": [0, 0, 1, 16], "texture": "#1"},
				"south": {"uv": [0, 0, 1, 16], "texture": "#1"},
				"west": {"uv": [0, 0, 1, 16], "texture": "#1"},
				"up": {"uv": [0, 0, 1, 16], "texture": "#1"},
				"down": {"uv": [0, 0, 1, 16], "texture": "#1"}
			}
		},
		{
			"from": [4.45, 0, 7],
			"to": [4.95, 8, 7.5],
			"faces": {
				"north": {"uv": [0, 0, 1, 16], "texture": "#1"},
				"east": {"uv": [0, 0, 1, 16], "texture": "#1"},
				"south": {"uv": [0, 0, 1, 16], "texture": "#1"},
				"west": {"uv": [0, 0, 1, 16], "texture": "#1"},
				"up": {"uv": [0, 0, 1, 16], "texture": "#1"},
				"down": {"uv": [0, 0, 1, 16], "texture": "#1"}
			}
		},
		{
			"from": [8.25, 10, 5],
			"to": [12.75, 10.4, 9.5],
			"faces": {
				"north": {"uv": [0, 0, 4.5, 4.5], "texture": "#0"},
				"east": {"uv": [0, 0, 4.5, 4.5], "texture": "#0"},
				"south": {"uv": [0, 0, 4.5, 4.5], "texture": "#0"},
				"west": {"uv": [0, 0, 4.5, 4.5], "texture": "#0"},
				"up": {"uv": [0, 0, 4.5, 4.5], "texture": "#0"},
				"down": {"uv": [0, 0, 4.5, 4.5], "texture": "#0"}
			}
		},
		{
			"from": [2.45, 8, 5],
			"to": [6.95, 8.4, 9.5],
			"faces": {
				"north": {"uv": [0, 0, 4.5, 4.5], "texture": "#0"},
				"east": {"uv": [0, 0, 4.5, 4.5], "texture": "#0"},
				"south": {"uv": [0, 0, 4.5, 4.5], "texture": "#0"},
				"west": {"uv": [0, 0, 4.5, 4.5], "texture": "#0"},
				"up": {"uv": [0, 0, 4.5, 4.5], "texture": "#0"},
				"down": {"uv": [0, 0, 4.5, 4.5], "texture": "#0"}
			}
		},
		{
			"from": [8.65, 10.5, 5.4],
			"to": [12.25, 10.5, 9.1],
			"faces": {
				"north": {"uv": [0, 0, 16, 16], "texture": "#2"},
				"east": {"uv": [0, 0, 16, 16], "texture": "#2"},
				"south": {"uv": [0, 0, 16, 16], "texture": "#2"},
				"west": {"uv": [0, 0, 16, 16], "texture": "#2"},
				"up": {"uv": [0, 0, 16, 16], "texture": "#2"},
				"down": {"uv": [0, 0, 16, 16], "texture": "#2"}
			}
		},
		{
			"from": [2.85, 8.5, 5.4],
			"to": [6.45, 8.5, 9.1],
			"faces": {
				"north": {"uv": [0, 0, 16, 16], "texture": "#2"},
				"east": {"uv": [0, 0, 16, 16], "texture": "#2"},
				"south": {"uv": [0, 0, 16, 16], "texture": "#2"},
				"west": {"uv": [0, 0, 16, 16], "texture": "#2"},
				"up": {"uv": [0, 0, 16, 16], "texture": "#2"},
				"down": {"uv": [0, 0, 16, 16], "texture": "#2"}
			}
		},
		{
			"from": [8.05, 10.2, 4.9],
			"to": [8.75, 10.6, 9.6],
			"faces": {
				"north": {"uv": [0, 0, 16, 3], "texture": "#5"},
				"east": {"uv": [0, 0, 16, 3], "texture": "#5"},
				"south": {"uv": [0, 0, 16, 3], "texture": "#5"},
				"west": {"uv": [0, 0, 16, 3], "texture": "#5"},
				"up": {"uv": [0, 0, 16, 3], "texture": "#5"},
				"down": {"uv": [0, 0, 16, 3], "texture": "#5"}
			}
		},
		{
			"from": [2.25, 8.2, 4.9],
			"to": [2.95, 8.6, 9.6],
			"faces": {
				"north": {"uv": [0, 0, 16, 3], "texture": "#5"},
				"east": {"uv": [0, 0, 16, 3], "texture": "#5"},
				"south": {"uv": [0, 0, 16, 3], "texture": "#5"},
				"west": {"uv": [0, 0, 16, 3], "texture": "#5"},
				"up": {"uv": [0, 0, 16, 3], "texture": "#5"},
				"down": {"uv": [0, 0, 16, 3], "texture": "#5"}
			}
		},
		{
			"from": [12.25, 10.2, 4.9],
			"to": [12.95, 10.6, 9.6],
			"rotation": {"angle": 0, "axis": "y", "origin": [16, 0, 0]},
			"faces": {
				"north": {"uv": [0, 0, 16, 3], "texture": "#5"},
				"east": {"uv": [0, 0, 16, 3], "texture": "#5"},
				"south": {"uv": [0, 0, 16, 3], "texture": "#5"},
				"west": {"uv": [0, 0, 16, 3], "texture": "#5"},
				"up": {"uv": [0, 0, 16, 3], "texture": "#5"},
				"down": {"uv": [0, 0, 16, 3], "texture": "#5"}
			}
		},
		{
			"from": [6.45, 8.2, 4.9],
			"to": [7.15, 8.6, 9.6],
			"rotation": {"angle": 0, "axis": "y", "origin": [16, 0, 0]},
			"faces": {
				"north": {"uv": [0, 0, 16, 3], "texture": "#5"},
				"east": {"uv": [0, 0, 16, 3], "texture": "#5"},
				"south": {"uv": [0, 0, 16, 3], "texture": "#5"},
				"west": {"uv": [0, 0, 16, 3], "texture": "#5"},
				"up": {"uv": [0, 0, 16, 3], "texture": "#5"},
				"down": {"uv": [0, 0, 16, 3], "texture": "#5"}
			}
		},
		{
			"from": [8.35, 10.3, 4.8],
			"to": [12.75, 10.7, 5.5],
			"rotation": {"angle": 0, "axis": "y", "origin": [12.6, 10.4, 3.25]},
			"faces": {
				"north": {"uv": [0, 0, 16, 3], "texture": "#5"},
				"east": {"uv": [0, 0, 16, 3], "texture": "#5"},
				"south": {"uv": [0, 0, 16, 3], "texture": "#5"},
				"west": {"uv": [0, 0, 16, 3], "texture": "#5"},
				"up": {"uv": [0, 0, 16, 3], "texture": "#5"},
				"down": {"uv": [0, 0, 16, 3], "texture": "#5"}
			}
		},
		{
			"from": [2.55, 8.3, 4.8],
			"to": [6.95, 8.7, 5.5],
			"rotation": {"angle": 0, "axis": "y", "origin": [12.6, 10.4, 3.25]},
			"faces": {
				"north": {"uv": [0, 0, 16, 3], "texture": "#5"},
				"east": {"uv": [0, 0, 16, 3], "texture": "#5"},
				"south": {"uv": [0, 0, 16, 3], "texture": "#5"},
				"west": {"uv": [0, 0, 16, 3], "texture": "#5"},
				"up": {"uv": [0, 0, 16, 3], "texture": "#5"},
				"down": {"uv": [0, 0, 16, 3], "texture": "#5"}
			}
		},
		{
			"from": [8.25, 10.3, 9],
			"to": [12.65, 10.7, 9.7],
			"rotation": {"angle": 0, "axis": "y", "origin": [3.4, 10.4, 3.25]},
			"faces": {
				"north": {"uv": [0, 0, 16, 3], "texture": "#5"},
				"east": {"uv": [0, 0, 16, 3], "texture": "#5"},
				"south": {"uv": [0, 0, 16, 3], "texture": "#5"},
				"west": {"uv": [0, 0, 16, 3], "texture": "#5"},
				"up": {"uv": [0, 0, 16, 3], "texture": "#5"},
				"down": {"uv": [0, 0, 16, 3], "texture": "#5"}
			}
		},
		{
			"from": [2.45, 8.3, 9],
			"to": [6.85, 8.7, 9.7],
			"rotation": {"angle": 0, "axis": "y", "origin": [3.4, 10.4, 3.25]},
			"faces": {
				"north": {"uv": [0, 0, 16, 3], "texture": "#5"},
				"east": {"uv": [0, 0, 16, 3], "texture": "#5"},
				"south": {"uv": [0, 0, 16, 3], "texture": "#5"},
				"west": {"uv": [0, 0, 16, 3], "texture": "#5"},
				"up": {"uv": [0, 0, 16, 3], "texture": "#5"},
				"down": {"uv": [0, 0, 16, 3], "texture": "#5"}
			}
		},
		{
			"from": [13.25, 0, 7],
			"to": [13.75, 18, 7.5],
			"faces": {
				"north": {"uv": [0, 0, 1, 16], "texture": "#1"},
				"east": {"uv": [0, 0, 1, 16], "texture": "#1"},
				"south": {"uv": [0, 0, 1, 16], "texture": "#1"},
				"west": {"uv": [0, 0, 1, 16], "texture": "#1"},
				"up": {"uv": [0, 0, 1, 16], "texture": "#1"},
				"down": {"uv": [0, 0, 1, 16], "texture": "#1"}
			}
		},
		{
			"from": [-2.25, 17.8, 4],
			"to": [5.25, 18.2, 10.5],
			"faces": {
				"north": {"uv": [0, 0, 16, 16], "texture": "#4"},
				"east": {"uv": [0, 0, 16, 16], "texture": "#4"},
				"south": {"uv": [0, 0, 16, 16], "texture": "#4"},
				"west": {"uv": [0, 0, 16, 16], "texture": "#4"},
				"up": {"uv": [0, 0, 16, 16], "texture": "#4"},
				"down": {"uv": [0, 0, 16, 16], "texture": "#4"}
			}
		},
		{
			"from": [10.75, 17.8, 5],
			"to": [16.25, 18.2, 9.5],
			"faces": {
				"north": {"uv": [0, 0, 16, 16], "texture": "#4"},
				"east": {"uv": [0, 0, 16, 16], "texture": "#4"},
				"south": {"uv": [0, 0, 16, 16], "texture": "#4"},
				"west": {"uv": [0, 0, 16, 16], "texture": "#4"},
				"up": {"uv": [0, 0, 16, 16], "texture": "#4"},
				"down": {"uv": [0, 0, 16, 16], "texture": "#4"}
			}
		},
		{
			"from": [-0.25, 18.1, 6],
			"to": [3.25, 18.5, 8.5],
			"faces": {
				"north": {"uv": [0, 0, 0, 3], "texture": "#1"},
				"east": {"uv": [0, 0, 0, 3], "texture": "#1"},
				"south": {"uv": [0, 0, 0, 3], "texture": "#1"},
				"west": {"uv": [0, 0, 0, 3], "texture": "#1"},
				"up": {"uv": [0, 0, 0, 3], "texture": "#1"},
				"down": {"uv": [0, 0, 0, 3], "texture": "#1"}
			}
		},
		{
			"from": [12.75, 18.1, 6],
			"to": [14.25, 18.5, 8.5],
			"faces": {
				"north": {"uv": [0, 0, 0, 3], "texture": "#1"},
				"east": {"uv": [0, 0, 0, 3], "texture": "#1"},
				"south": {"uv": [0, 0, 0, 3], "texture": "#1"},
				"west": {"uv": [0, 0, 0, 3], "texture": "#1"},
				"up": {"uv": [0, 0, 0, 3], "texture": "#1"},
				"down": {"uv": [0, 0, 0, 3], "texture": "#1"}
			}
		},
		{
			"from": [0, 0, 0],
			"to": [16, 0, 16],
			"faces": {
				"north": {"uv": [0, 0, 16, 16], "texture": "#3"},
				"east": {"uv": [0, 0, 16, 16], "texture": "#3"},
				"south": {"uv": [0, 0, 16, 16], "texture": "#3"},
				"west": {"uv": [0, 0, 16, 16], "texture": "#3"},
				"up": {"uv": [0, 0, 16, 16], "texture": "#3"},
				"down": {"uv": [0, 0, 16, 16], "texture": "#3"}
			}
		}
	],
	"display": {
		"thirdperson_righthand": {
			"rotation": [0, -179.5, 0],
			"translation": [0, 4, 0],
			"scale": [0.5, 0.5, 0.5]
		},
		"thirdperson_lefthand": {
			"rotation": [0, -179.5, 0],
			"translation": [0, 4, 0],
			"scale": [0.5, 0.5, 0.5]
		},
		"firstperson_righthand": {
			"rotation": [0, -179.5, 0],
			"translation": [0, 4, 0],
			"scale": [0.5, 0.5, 0.5]
		},
		"firstperson_lefthand": {
			"rotation": [0, -179.5, 0],
			"translation": [0, 4, 0],
			"scale": [0.5, 0.5, 0.5]
		},
		"ground": {
			"rotation": [0, -179.5, 0],
			"translation": [0, 4.75, 0]
		},
		"gui": {
			"translation": [0, -0.75, 0],
			"scale": [0.68164, 0.75586, 0.6]
		},
		"head": {
			"rotation": [0, -179.5, 0],
			"translation": [0, 11.25, 0],
			"scale": [0.5, 0.5, 0.5]
		},
		"fixed": {
			"rotation": [-90, 0, 0],
			"translation": [0, 0, -17],
			"scale": [2, 2, 2]
		}
	}
}