{
	"credit": "Made with Blockbench",
	"textures": {
		"0": "block/stripped_spruce_log",
		"1": "block/quartz_block_bottom",
		"2": "block/black_concrete_powder",
		"3": "block/jungle_planks",
		"4": "block/white_concrete",
		"5": "block/black_concrete",
		"6": "block/brown_concrete",
		"7": "block/iron_block",
		"8": "block/iron_bars",
		"particle": "block/stripped_spruce_log"
	},
	"elements": [
		{
			"from": [5, 0, 7.8],
			"to": [11, 1, 9.4],
			"faces": {
				"north": {"uv": [0, 0, 16, 16], "texture": "#0"},
				"east": {"uv": [0, 0, 16, 16], "texture": "#0"},
				"south": {"uv": [0, 0, 16, 16], "texture": "#0"},
				"west": {"uv": [0, 0, 16, 16], "texture": "#0"},
				"up": {"uv": [0, 0, 16, 16], "texture": "#0"},
				"down": {"uv": [0, 0, 16, 16], "texture": "#0"}
			}
		},
		{
			"from": [4, 1, 7.8],
			"to": [5, 2, 9.2],
			"faces": {
				"north": {"uv": [0, 0, 16, 16], "texture": "#0"},
				"east": {"uv": [0, 0, 16, 16], "texture": "#0"},
				"south": {"uv": [0, 0, 16, 16], "texture": "#0"},
				"west": {"uv": [0, 0, 16, 16], "texture": "#0"},
				"up": {"uv": [0, 0, 16, 16], "texture": "#0"},
				"down": {"uv": [0, 0, 16, 16], "texture": "#0"}
			}
		},
		{
			"from": [11, 1, 7.8],
			"to": [12, 2, 9.3],
			"faces": {
				"north": {"uv": [0, 0, 16, 16], "texture": "#0"},
				"east": {"uv": [0, 0, 16, 16], "texture": "#0"},
				"south": {"uv": [0, 0, 16, 16], "texture": "#0"},
				"west": {"uv": [0, 0, 16, 16], "texture": "#0"},
				"up": {"uv": [0, 0, 16, 16], "texture": "#0"},
				"down": {"uv": [0, 0, 16, 16], "texture": "#0"}
			}
		},
		{
			"from": [7.2, 1, 7.4],
			"to": [8.7, 1.9, 9.3],
			"color": 2,
			"faces": {
				"north": {"uv": [0, 0, 1.5, 0.9], "texture": "#missing"},
				"east": {"uv": [0, 0, 1.9, 0.9], "texture": "#missing"},
				"south": {"uv": [0, 0, 1.5, 0.9], "texture": "#missing"},
				"west": {"uv": [0, 0, 1.9, 0.9], "texture": "#missing"},
				"up": {"uv": [0, 0, 1.5, 1.9], "texture": "#missing"},
				"down": {"uv": [0, 0, 1.5, 1.9], "texture": "#missing"}
			}
		},
		{
			"from": [7.6, 0.4, 7.4],
			"to": [8.3, 1, 9.3],
			"color": 2,
			"faces": {
				"north": {"uv": [0, 0, 0.7, 0.6], "texture": "#missing"},
				"east": {"uv": [0, 0, 1.9, 0.6], "texture": "#missing"},
				"south": {"uv": [0, 0, 0.7, 0.6], "texture": "#missing"},
				"west": {"uv": [0, 0, 1.9, 0.6], "texture": "#missing"},
				"up": {"uv": [0, 0, 0.7, 1.9], "texture": "#missing"},
				"down": {"uv": [0, 0, 0.7, 1.9], "texture": "#missing"}
			}
		},
		{
			"from": [3, 2, 7.8],
			"to": [4, 3, 9.2],
			"faces": {
				"north": {"uv": [0, 0, 16, 16], "texture": "#0"},
				"east": {"uv": [0, 0, 16, 16], "texture": "#0"},
				"south": {"uv": [0, 0, 16, 16], "texture": "#0"},
				"west": {"uv": [0, 0, 16, 16], "texture": "#0"},
				"up": {"uv": [0, 0, 16, 16], "texture": "#0"},
				"down": {"uv": [0, 0, 16, 16], "texture": "#0"}
			}
		},
		{
			"from": [12, 2, 7.8],
			"to": [13, 3, 9.2],
			"faces": {
				"north": {"uv": [0, 0, 16, 16], "texture": "#0"},
				"east": {"uv": [0, 0, 16, 16], "texture": "#0"},
				"south": {"uv": [0, 0, 16, 16], "texture": "#0"},
				"west": {"uv": [0, 0, 16, 16], "texture": "#0"},
				"up": {"uv": [0, 0, 16, 16], "texture": "#0"},
				"down": {"uv": [0, 0, 16, 16], "texture": "#0"}
			}
		},
		{
			"from": [2, 3, 7.8],
			"to": [3, 9, 9.2],
			"faces": {
				"north": {"uv": [0, 0, 16, 16], "texture": "#0"},
				"east": {"uv": [0, 0, 16, 16], "texture": "#0"},
				"south": {"uv": [0, 0, 16, 16], "texture": "#0"},
				"west": {"uv": [0, 0, 16, 16], "texture": "#0"},
				"up": {"uv": [0, 0, 16, 16], "texture": "#0"},
				"down": {"uv": [0, 0, 16, 16], "texture": "#0"}
			}
		},
		{
			"from": [13, 3, 7.8],
			"to": [14, 9, 9.2],
			"faces": {
				"north": {"uv": [0, 0, 16, 16], "texture": "#0"},
				"east": {"uv": [0, 0, 16, 16], "texture": "#0"},
				"south": {"uv": [0, 0, 16, 16], "texture": "#0"},
				"west": {"uv": [0, 0, 16, 16], "texture": "#0"},
				"up": {"uv": [0, 0, 16, 16], "texture": "#0"},
				"down": {"uv": [0, 0, 16, 16], "texture": "#0"}
			}
		},
		{
			"from": [3, 9, 7.8],
			"to": [4, 10, 9.2],
			"faces": {
				"north": {"uv": [0, 0, 16, 16], "texture": "#0"},
				"east": {"uv": [0, 0, 16, 16], "texture": "#0"},
				"south": {"uv": [0, 0, 16, 16], "texture": "#0"},
				"west": {"uv": [0, 0, 16, 16], "texture": "#0"},
				"up": {"uv": [0, 0, 16, 16], "texture": "#0"},
				"down": {"uv": [0, 0, 16, 16], "texture": "#0"}
			}
		},
		{
			"from": [12, 9, 7.8],
			"to": [13, 10, 9.2],
			"faces": {
				"north": {"uv": [0, 0, 16, 16], "texture": "#0"},
				"east": {"uv": [0, 0, 16, 16], "texture": "#0"},
				"south": {"uv": [0, 0, 16, 16], "texture": "#0"},
				"west": {"uv": [0, 0, 16, 16], "texture": "#0"},
				"up": {"uv": [0, 0, 16, 16], "texture": "#0"},
				"down": {"uv": [0, 0, 16, 16], "texture": "#0"}
			}
		},
		{
			"from": [4, 10, 7.8],
			"to": [5, 11, 9.2],
			"faces": {
				"north": {"uv": [0, 0, 16, 16], "texture": "#0"},
				"east": {"uv": [0, 0, 16, 16], "texture": "#0"},
				"south": {"uv": [0, 0, 16, 16], "texture": "#0"},
				"west": {"uv": [0, 0, 16, 16], "texture": "#0"},
				"up": {"uv": [0, 0, 16, 16], "texture": "#0"},
				"down": {"uv": [0, 0, 16, 16], "texture": "#0"}
			}
		},
		{
			"from": [11, 10, 7.8],
			"to": [12, 11, 9.2],
			"faces": {
				"north": {"uv": [0, 0, 16, 16], "texture": "#0"},
				"east": {"uv": [0, 0, 16, 16], "texture": "#0"},
				"south": {"uv": [0, 0, 16, 16], "texture": "#0"},
				"west": {"uv": [0, 0, 16, 16], "texture": "#0"},
				"up": {"uv": [0, 0, 16, 16], "texture": "#0"},
				"down": {"uv": [0, 0, 16, 16], "texture": "#0"}
			}
		},
		{
			"from": [5, 10, 7.8],
			"to": [6, 11, 9.2],
			"faces": {
				"north": {"uv": [0, 0, 16, 16], "texture": "#0"},
				"east": {"uv": [0, 0, 16, 16], "texture": "#0"},
				"south": {"uv": [0, 0, 16, 16], "texture": "#0"},
				"west": {"uv": [0, 0, 16, 16], "texture": "#0"},
				"up": {"uv": [0, 0, 16, 16], "texture": "#0"},
				"down": {"uv": [0, 0, 16, 16], "texture": "#0"}
			}
		},
		{
			"from": [10, 10, 7.8],
			"to": [11, 11, 9.2],
			"faces": {
				"north": {"uv": [0, 0, 16, 16], "texture": "#0"},
				"east": {"uv": [0, 0, 16, 16], "texture": "#0"},
				"south": {"uv": [0, 0, 16, 16], "texture": "#0"},
				"west": {"uv": [0, 0, 16, 16], "texture": "#0"},
				"up": {"uv": [0, 0, 16, 16], "texture": "#0"},
				"down": {"uv": [0, 0, 16, 16], "texture": "#0"}
			}
		},
		{
			"from": [6, 11, 8],
			"to": [7, 12, 9.2],
			"faces": {
				"north": {"uv": [0, 0, 16, 16], "texture": "#0"},
				"east": {"uv": [0, 0, 16, 16], "texture": "#0"},
				"south": {"uv": [0, 0, 16, 16], "texture": "#0"},
				"west": {"uv": [0, 0, 16, 16], "texture": "#0"},
				"up": {"uv": [0, 0, 16, 16], "texture": "#0"},
				"down": {"uv": [0, 0, 16, 16], "texture": "#0"}
			}
		},
		{
			"from": [9, 11, 8],
			"to": [10, 12, 9.2],
			"faces": {
				"north": {"uv": [0, 0, 16, 16], "texture": "#0"},
				"east": {"uv": [0, 0, 16, 16], "texture": "#0"},
				"south": {"uv": [0, 0, 16, 16], "texture": "#0"},
				"west": {"uv": [0, 0, 16, 16], "texture": "#0"},
				"up": {"uv": [0, 0, 16, 16], "texture": "#0"},
				"down": {"uv": [0, 0, 16, 16], "texture": "#0"}
			}
		},
		{
			"from": [5, 1, 8],
			"to": [11, 2, 10.2],
			"faces": {
				"north": {"uv": [0, 0, 16, 16], "texture": "#1"},
				"east": {"uv": [0, 0, 16, 16], "texture": "#1"},
				"south": {"uv": [0, 0, 16, 16], "texture": "#1"},
				"west": {"uv": [0, 0, 16, 16], "texture": "#1"},
				"up": {"uv": [0, 0, 16, 16], "texture": "#1"},
				"down": {"uv": [0, 0, 16, 16], "texture": "#1"}
			}
		},
		{
			"from": [4, 2, 8],
			"to": [12, 3, 10.2],
			"faces": {
				"north": {"uv": [0, 0, 16, 16], "texture": "#1"},
				"east": {"uv": [0, 0, 16, 16], "texture": "#1"},
				"south": {"uv": [0, 0, 16, 16], "texture": "#1"},
				"west": {"uv": [0, 0, 16, 16], "texture": "#1"},
				"up": {"uv": [0, 0, 16, 16], "texture": "#1"},
				"down": {"uv": [0, 0, 16, 16], "texture": "#1"}
			}
		},
		{
			"from": [3, 3, 8],
			"to": [13, 4, 10.2],
			"faces": {
				"north": {"uv": [0, 0, 16, 16], "texture": "#1"},
				"east": {"uv": [0, 0, 16, 16], "texture": "#1"},
				"south": {"uv": [0, 0, 16, 16], "texture": "#1"},
				"west": {"uv": [0, 0, 16, 16], "texture": "#1"},
				"up": {"uv": [0, 0, 16, 16], "texture": "#1"},
				"down": {"uv": [0, 0, 16, 16], "texture": "#1"}
			}
		},
		{
			"from": [3, 4, 8],
			"to": [13, 5, 10.2],
			"faces": {
				"north": {"uv": [0, 0, 16, 16], "texture": "#1"},
				"east": {"uv": [0, 0, 16, 16], "texture": "#1"},
				"south": {"uv": [0, 0, 16, 16], "texture": "#1"},
				"west": {"uv": [0, 0, 16, 16], "texture": "#1"},
				"up": {"uv": [0, 0, 16, 16], "texture": "#1"},
				"down": {"uv": [0, 0, 16, 16], "texture": "#1"}
			}
		},
		{
			"from": [3, 5, 8],
			"to": [13, 6, 10.2],
			"faces": {
				"north": {"uv": [0, 0, 16, 16], "texture": "#1"},
				"east": {"uv": [0, 0, 16, 16], "texture": "#1"},
				"south": {"uv": [0, 0, 16, 16], "texture": "#1"},
				"west": {"uv": [0, 0, 16, 16], "texture": "#1"},
				"up": {"uv": [0, 0, 16, 16], "texture": "#1"},
				"down": {"uv": [0, 0, 16, 16], "texture": "#1"}
			}
		},
		{
			"from": [3, 6, 8],
			"to": [13, 7, 10.2],
			"faces": {
				"north": {"uv": [0, 0, 16, 16], "texture": "#1", "tintindex": 0},
				"east": {"uv": [0, 0, 16, 16], "texture": "#1"},
				"south": {"uv": [0, 0, 16, 16], "texture": "#1"},
				"west": {"uv": [0, 0, 16, 16], "texture": "#1"},
				"up": {"uv": [0, 0, 16, 16], "texture": "#1"},
				"down": {"uv": [0, 0, 16, 16], "texture": "#1"}
			}
		},
		{
			"from": [3, 7, 8],
			"to": [13, 8, 10.2],
			"faces": {
				"north": {"uv": [0, 0, 16, 16], "texture": "#1"},
				"east": {"uv": [0, 0, 16, 16], "texture": "#1"},
				"south": {"uv": [0, 0, 16, 16], "texture": "#1"},
				"west": {"uv": [0, 0, 16, 16], "texture": "#1"},
				"up": {"uv": [0, 0, 16, 16], "texture": "#1"},
				"down": {"uv": [0, 0, 16, 16], "texture": "#1"}
			}
		},
		{
			"from": [3, 8, 8],
			"to": [13, 9, 10.2],
			"faces": {
				"north": {"uv": [0, 0, 16, 16], "texture": "#1"},
				"east": {"uv": [0, 0, 16, 16], "texture": "#1"},
				"south": {"uv": [0, 0, 16, 16], "texture": "#1"},
				"west": {"uv": [0, 0, 16, 16], "texture": "#1"},
				"up": {"uv": [0, 0, 16, 16], "texture": "#1"},
				"down": {"uv": [0, 0, 16, 16], "texture": "#1"}
			}
		},
		{
			"from": [4, 9, 8],
			"to": [12, 10, 10.2],
			"faces": {
				"north": {"uv": [0, 0, 16, 16], "texture": "#1"},
				"east": {"uv": [0, 0, 16, 16], "texture": "#1"},
				"south": {"uv": [0, 0, 16, 16], "texture": "#1"},
				"west": {"uv": [0, 0, 16, 16], "texture": "#1"},
				"up": {"uv": [0, 0, 16, 16], "texture": "#1"},
				"down": {"uv": [0, 0, 16, 16], "texture": "#1"}
			}
		},
		{
			"from": [6, 10, 8],
			"to": [10, 11, 10.2],
			"faces": {
				"north": {"uv": [0, 0, 16, 16], "texture": "#1"},
				"east": {"uv": [0, 0, 16, 16], "texture": "#1"},
				"south": {"uv": [0, 0, 16, 16], "texture": "#1"},
				"west": {"uv": [0, 0, 16, 16], "texture": "#1"},
				"up": {"uv": [0, 0, 16, 16], "texture": "#1"},
				"down": {"uv": [0, 0, 16, 16], "texture": "#1"}
			}
		},
		{
			"from": [7, 11, 8],
			"to": [9, 12, 9.9],
			"faces": {
				"north": {"uv": [0, 0, 16, 16], "texture": "#4"},
				"east": {"uv": [0, 0, 16, 16], "texture": "#1"},
				"south": {"uv": [0, 0, 16, 16], "texture": "#1"},
				"west": {"uv": [0, 0, 16, 16], "texture": "#1"},
				"up": {"uv": [0, 0, 16, 16], "texture": "#1"},
				"down": {"uv": [0, 0, 16, 16], "texture": "#1"}
			}
		},
		{
			"from": [6, 0, 7.7],
			"to": [7, 1, 8],
			"faces": {
				"north": {"uv": [0, 0, 16, 16], "texture": "#0"},
				"east": {"uv": [0, 0, 16, 16], "texture": "#0"},
				"south": {"uv": [0, 0, 16, 16], "texture": "#0"},
				"west": {"uv": [0, 0, 16, 16], "texture": "#0"},
				"up": {"uv": [0, 0, 16, 16], "texture": "#0"},
				"down": {"uv": [0, 0, 16, 16], "texture": "#0"}
			}
		},
		{
			"from": [7, 0, 7.7],
			"to": [8, 1, 8],
			"faces": {
				"north": {"uv": [0, 0, 16, 16], "texture": "#0"},
				"east": {"uv": [0, 0, 16, 16], "texture": "#0"},
				"south": {"uv": [0, 0, 16, 16], "texture": "#0"},
				"west": {"uv": [0, 0, 16, 16], "texture": "#0"},
				"up": {"uv": [0, 0, 16, 16], "texture": "#0"},
				"down": {"uv": [0, 0, 16, 16], "texture": "#0"}
			}
		},
		{
			"from": [8, 0, 7.7],
			"to": [9, 1, 8],
			"faces": {
				"north": {"uv": [0, 0, 16, 16], "texture": "#0"},
				"east": {"uv": [0, 0, 16, 16], "texture": "#0"},
				"south": {"uv": [0, 0, 16, 16], "texture": "#0"},
				"west": {"uv": [0, 0, 16, 16], "texture": "#0"},
				"up": {"uv": [0, 0, 16, 16], "texture": "#0"},
				"down": {"uv": [0, 0, 16, 16], "texture": "#0"}
			}
		},
		{
			"from": [9, 0, 7.7],
			"to": [10, 1, 8],
			"faces": {
				"north": {"uv": [0, 0, 16, 16], "texture": "#0"},
				"east": {"uv": [0, 0, 16, 16], "texture": "#0"},
				"south": {"uv": [0, 0, 16, 16], "texture": "#0"},
				"west": {"uv": [0, 0, 16, 16], "texture": "#0"},
				"up": {"uv": [0, 0, 16, 16], "texture": "#0"},
				"down": {"uv": [0, 0, 16, 16], "texture": "#0"}
			}
		},
		{
			"from": [8, 1, 7.7],
			"to": [9, 2, 8],
			"faces": {
				"north": {"uv": [0, 0, 16, 16], "texture": "#0"},
				"east": {"uv": [0, 0, 16, 16], "texture": "#0"},
				"south": {"uv": [0, 0, 16, 16], "texture": "#0"},
				"west": {"uv": [0, 0, 16, 16], "texture": "#0"},
				"up": {"uv": [0, 0, 16, 16], "texture": "#0"},
				"down": {"uv": [0, 0, 16, 16], "texture": "#0"}
			}
		},
		{
			"from": [7, 1, 7.7],
			"to": [8, 2, 8],
			"faces": {
				"north": {"uv": [0, 0, 16, 16], "texture": "#0"},
				"east": {"uv": [0, 0, 16, 16], "texture": "#0"},
				"south": {"uv": [0, 0, 16, 16], "texture": "#0"},
				"west": {"uv": [0, 0, 16, 16], "texture": "#0"},
				"up": {"uv": [0, 0, 16, 16], "texture": "#0"},
				"down": {"uv": [0, 0, 16, 16], "texture": "#0"}
			}
		},
		{
			"from": [7, 1, 7.7],
			"to": [8, 2, 8],
			"color": 5,
			"faces": {
				"north": {"uv": [0, 0, 1, 1], "texture": "#missing"},
				"east": {"uv": [0, 0, 0.3, 1], "texture": "#missing"},
				"south": {"uv": [0, 0, 1, 1], "texture": "#missing"},
				"west": {"uv": [0, 0, 0.3, 1], "texture": "#missing"},
				"up": {"uv": [0, 0, 1, 0.3], "texture": "#missing"},
				"down": {"uv": [0, 0, 1, 0.3], "texture": "#missing"}
			}
		},
		{
			"from": [7, 12, 8],
			"to": [9, 24, 9],
			"faces": {
				"north": {"uv": [0, 0, 16, 16], "rotation": 90, "texture": "#3"},
				"east": {"uv": [0, 0, 16, 16], "rotation": 90, "texture": "#3"},
				"south": {"uv": [0, 0, 16, 16], "rotation": 90, "texture": "#3"},
				"west": {"uv": [0, 0, 16, 16], "rotation": 90, "texture": "#3"},
				"up": {"uv": [0, 0, 16, 16], "rotation": 90, "texture": "#3"},
				"down": {"uv": [0, 0, 16, 16], "rotation": 90, "texture": "#3"}
			}
		},
		{
			"from": [7.2, 2, 7.6],
			"to": [7.3, 24, 7.7],
			"faces": {
				"north": {"uv": [2, 0, 4, 16], "texture": "#8"},
				"east": {"uv": [2, 0, 4, 16], "texture": "#8"},
				"south": {"uv": [2, 0, 4, 16], "texture": "#8"},
				"west": {"uv": [2, 0, 4, 16], "texture": "#8"},
				"up": {"uv": [2, 0, 4, 16], "texture": "#8"},
				"down": {"uv": [2, 0, 4, 16], "texture": "#8"}
			}
		},
		{
			"from": [7.6, 2, 7.6],
			"to": [7.7, 24, 7.7],
			"faces": {
				"north": {"uv": [2, 0, 4, 16], "texture": "#8"},
				"east": {"uv": [2, 0, 4, 16], "texture": "#8"},
				"south": {"uv": [2, 0, 4, 16], "texture": "#8"},
				"west": {"uv": [2, 0, 4, 16], "texture": "#8"},
				"up": {"uv": [2, 0, 4, 16], "texture": "#8"},
				"down": {"uv": [2, 0, 4, 16], "texture": "#8"}
			}
		},
		{
			"from": [7.6, 24, 7.6],
			"to": [7.7, 26.9, 7.7],
			"faces": {
				"north": {"uv": [2, 0, 4, 16], "texture": "#8"},
				"east": {"uv": [2, 0, 4, 16], "texture": "#8"},
				"south": {"uv": [2, 0, 4, 16], "texture": "#8"},
				"west": {"uv": [2, 0, 4, 16], "texture": "#8"},
				"up": {"uv": [2, 0, 4, 16], "texture": "#8"},
				"down": {"uv": [2, 0, 4, 16], "texture": "#8"}
			}
		},
		{
			"from": [8.2, 24, 7.6],
			"to": [8.3, 27.4, 7.7],
			"faces": {
				"north": {"uv": [2, 0, 4, 16], "texture": "#8"},
				"east": {"uv": [2, 0, 4, 16], "texture": "#8"},
				"south": {"uv": [2, 0, 4, 16], "texture": "#8"},
				"west": {"uv": [2, 0, 4, 16], "texture": "#8"},
				"up": {"uv": [2, 0, 4, 16], "texture": "#8"},
				"down": {"uv": [2, 0, 4, 16], "texture": "#8"}
			}
		},
		{
			"from": [7.2, 24, 7.6],
			"to": [7.3, 25.5, 7.7],
			"faces": {
				"north": {"uv": [2, 0, 4, 16], "texture": "#8"},
				"east": {"uv": [2, 0, 4, 16], "texture": "#8"},
				"south": {"uv": [2, 0, 4, 16], "texture": "#8"},
				"west": {"uv": [2, 0, 4, 16], "texture": "#8"},
				"up": {"uv": [2, 0, 4, 16], "texture": "#8"},
				"down": {"uv": [2, 0, 4, 16], "texture": "#8"}
			}
		},
		{
			"from": [8.7, 24, 7.6],
			"to": [8.8, 25.5, 7.7],
			"faces": {
				"north": {"uv": [2, 0, 4, 16], "texture": "#8"},
				"east": {"uv": [2, 0, 4, 16], "texture": "#8"},
				"south": {"uv": [2, 0, 4, 16], "texture": "#8"},
				"west": {"uv": [2, 0, 4, 16], "texture": "#8"},
				"up": {"uv": [2, 0, 4, 16], "texture": "#8"},
				"down": {"uv": [2, 0, 4, 16], "texture": "#8"}
			}
		},
		{
			"from": [7.6, 26.9, 7.6],
			"to": [7.7, 27.4, 7.7],
			"faces": {
				"north": {"uv": [2, 0, 4, 15], "texture": "#8"},
				"east": {"uv": [2, 0, 4, 15], "texture": "#8"},
				"south": {"uv": [2, 0, 4, 15], "texture": "#8"},
				"west": {"uv": [2, 0, 4, 15], "texture": "#8"},
				"up": {"uv": [2, 0, 4, 15], "texture": "#8"},
				"down": {"uv": [2, 0, 4, 15], "texture": "#8"}
			}
		},
		{
			"from": [7.6, 27.1, 7.7],
			"to": [7.7, 27.5, 7.7],
			"rotation": {"angle": 45, "axis": "z", "origin": [7.45, 27.2, 7.6]},
			"faces": {
				"north": {"uv": [2, 0, 4, 15], "texture": "#8"},
				"east": {"uv": [2, 0, 4, 15], "texture": "#8"},
				"south": {"uv": [2, 0, 4, 15], "texture": "#8"},
				"west": {"uv": [2, 0, 4, 15], "texture": "#8"},
				"up": {"uv": [2, 0, 4, 15], "texture": "#8"},
				"down": {"uv": [2, 0, 4, 15], "texture": "#8"}
			}
		},
		{
			"from": [8.15711, 27.23284, 7.7],
			"to": [8.55711, 27.33284, 7.7],
			"rotation": {"angle": 45, "axis": "z", "origin": [8.15711, 27.48284, 7.7]},
			"faces": {
				"north": {"uv": [2, 0, 4, 15], "rotation": 90, "texture": "#8"},
				"east": {"uv": [2, 0, 4, 15], "rotation": 90, "texture": "#8"},
				"south": {"uv": [2, 0, 4, 15], "rotation": 90, "texture": "#8"},
				"west": {"uv": [2, 0, 4, 15], "rotation": 90, "texture": "#8"},
				"up": {"uv": [2, 0, 4, 15], "rotation": 90, "texture": "#8"},
				"down": {"uv": [2, 0, 4, 15], "rotation": 90, "texture": "#8"}
			}
		},
		{
			"from": [6, 26.1, 7.7],
			"to": [6.1, 26.4, 7.7],
			"rotation": {"angle": 45, "axis": "z", "origin": [7.45, 27.2, 7.6]},
			"faces": {
				"north": {"uv": [2, 0, 4, 15], "texture": "#8"},
				"east": {"uv": [2, 0, 4, 15], "texture": "#8"},
				"south": {"uv": [2, 0, 4, 15], "texture": "#8"},
				"west": {"uv": [2, 0, 4, 15], "texture": "#8"},
				"up": {"uv": [2, 0, 4, 15], "texture": "#8"},
				"down": {"uv": [2, 0, 4, 15], "texture": "#8"}
			}
		},
		{
			"from": [8.74957, 25.51759, 7.7],
			"to": [9.04957, 25.61759, 7.7],
			"rotation": {"angle": 45, "axis": "z", "origin": [8.89957, 25.46759, 7.7]},
			"faces": {
				"north": {"uv": [2, 0, 4, 15], "rotation": 90, "texture": "#8"},
				"east": {"uv": [2, 0, 4, 15], "rotation": 90, "texture": "#8"},
				"south": {"uv": [2, 0, 4, 15], "rotation": 90, "texture": "#8"},
				"west": {"uv": [2, 0, 4, 15], "rotation": 90, "texture": "#8"},
				"up": {"uv": [2, 0, 4, 15], "rotation": 90, "texture": "#8"},
				"down": {"uv": [2, 0, 4, 15], "rotation": 90, "texture": "#8"}
			}
		},
		{
			"from": [8.2, 2, 7.6],
			"to": [8.3, 24, 7.7],
			"faces": {
				"north": {"uv": [2, 0, 4, 16], "texture": "#8"},
				"east": {"uv": [2, 0, 4, 16], "texture": "#8"},
				"south": {"uv": [2, 0, 4, 16], "texture": "#8"},
				"west": {"uv": [2, 0, 4, 16], "texture": "#8"},
				"up": {"uv": [2, 0, 4, 16], "texture": "#8"},
				"down": {"uv": [2, 0, 4, 16], "texture": "#8"}
			}
		},
		{
			"from": [8.7, 2, 7.6],
			"to": [8.8, 24, 7.7],
			"faces": {
				"north": {"uv": [2, 0, 4, 16], "texture": "#8"},
				"east": {"uv": [2, 0, 4, 16], "texture": "#8"},
				"south": {"uv": [2, 0, 4, 16], "texture": "#8"},
				"west": {"uv": [2, 0, 4, 16], "texture": "#8"},
				"up": {"uv": [2, 0, 4, 16], "texture": "#8"},
				"down": {"uv": [2, 0, 4, 16], "texture": "#8"}
			}
		},
		{
			"from": [7.4, 24, 8],
			"to": [8, 25, 9],
			"faces": {
				"north": {"uv": [0, 0, 16, 16], "texture": "#2"},
				"east": {"uv": [0, 0, 16, 16], "texture": "#5"},
				"south": {"uv": [0, 0, 16, 16], "texture": "#5"},
				"west": {"uv": [0, 0, 16, 16], "texture": "#5"},
				"up": {"uv": [0, 0, 16, 16], "texture": "#5"},
				"down": {"uv": [0, 0, 16, 16], "texture": "#5"}
			}
		},
		{
			"from": [7.4, 26, 8],
			"to": [8, 27, 9],
			"faces": {
				"north": {"uv": [0, 0, 16, 16], "texture": "#2"},
				"east": {"uv": [0, 0, 16, 16], "texture": "#5"},
				"south": {"uv": [0, 0, 16, 16], "texture": "#5"},
				"west": {"uv": [0, 0, 16, 16], "texture": "#5"},
				"up": {"uv": [0, 0, 16, 16], "texture": "#5"},
				"down": {"uv": [0, 0, 16, 16], "texture": "#5"}
			}
		},
		{
			"from": [7.4, 28, 7.9],
			"to": [8, 29, 8.9],
			"faces": {
				"north": {"uv": [0, 0, 16, 16], "texture": "#2"},
				"east": {"uv": [0, 0, 16, 16], "texture": "#5"},
				"south": {"uv": [0, 0, 16, 16], "texture": "#5"},
				"west": {"uv": [0, 0, 16, 16], "texture": "#5"},
				"up": {"uv": [0, 0, 16, 16], "texture": "#5"},
				"down": {"uv": [0, 0, 16, 16], "texture": "#5"}
			}
		},
		{
			"from": [8, 28, 7.9],
			"to": [8.6, 29, 8.9],
			"faces": {
				"north": {"uv": [0, 0, 16, 16], "texture": "#2"},
				"east": {"uv": [0, 0, 16, 16], "texture": "#5"},
				"south": {"uv": [0, 0, 16, 16], "texture": "#5"},
				"west": {"uv": [0, 0, 16, 16], "texture": "#5"},
				"up": {"uv": [0, 0, 16, 16], "texture": "#5"},
				"down": {"uv": [0, 0, 16, 16], "texture": "#5"}
			}
		},
		{
			"from": [8, 24, 8],
			"to": [8.6, 25, 9],
			"faces": {
				"north": {"uv": [0, 0, 16, 16], "texture": "#2"},
				"east": {"uv": [0, 0, 16, 16], "texture": "#5"},
				"south": {"uv": [0, 0, 16, 16], "texture": "#5"},
				"west": {"uv": [0, 0, 16, 16], "texture": "#5"},
				"up": {"uv": [0, 0, 16, 16], "texture": "#5"},
				"down": {"uv": [0, 0, 16, 16], "texture": "#5"}
			}
		},
		{
			"from": [8, 26, 8],
			"to": [8.6, 27, 9],
			"faces": {
				"north": {"uv": [0, 0, 16, 16], "texture": "#2"},
				"east": {"uv": [0, 0, 16, 16], "texture": "#5"},
				"south": {"uv": [0, 0, 16, 16], "texture": "#5"},
				"west": {"uv": [0, 0, 16, 16], "texture": "#5"},
				"up": {"uv": [0, 0, 16, 16], "texture": "#5"},
				"down": {"uv": [0, 0, 16, 16], "texture": "#5"}
			}
		},
		{
			"from": [6.8, 25, 8],
			"to": [9.2, 26, 9],
			"faces": {
				"north": {"uv": [0, 0, 16, 16], "texture": "#2"},
				"east": {"uv": [0, 0, 16, 16], "texture": "#5"},
				"south": {"uv": [0, 0, 16, 16], "texture": "#5"},
				"west": {"uv": [0, 0, 16, 16], "texture": "#5"},
				"up": {"uv": [0, 0, 16, 16], "texture": "#5"},
				"down": {"uv": [0, 0, 16, 16], "texture": "#5"}
			}
		},
		{
			"from": [7, 27, 8],
			"to": [9, 28, 9],
			"faces": {
				"north": {"uv": [0, 0, 16, 16], "texture": "#2"},
				"east": {"uv": [0, 0, 16, 16], "texture": "#5"},
				"south": {"uv": [0, 0, 16, 16], "texture": "#5"},
				"west": {"uv": [0, 0, 16, 16], "texture": "#5"},
				"up": {"uv": [0, 0, 16, 16], "texture": "#5"},
				"down": {"uv": [0, 0, 16, 16], "texture": "#5"}
			}
		},
		{
			"from": [6.9, 25.3, 7.9],
			"to": [7.3, 25.7, 8],
			"faces": {
				"north": {"uv": [0, 0, 0.4, 0.4], "texture": "#7"},
				"east": {"uv": [0, 0, 0.4, 0.4], "texture": "#7"},
				"south": {"uv": [0, 0, 0.4, 0.4], "texture": "#7"},
				"west": {"uv": [0, 0, 0.4, 0.4], "texture": "#7"},
				"up": {"uv": [0, 0, 0.4, 0.4], "texture": "#7"},
				"down": {"uv": [0, 0, 0.4, 0.4], "texture": "#7"}
			}
		},
		{
			"from": [7.8, 17.4, 7.9],
			"to": [8.1, 17.7, 8],
			"color": 5,
			"faces": {
				"north": {"uv": [0, 0, 0.3, 0.3], "texture": "#missing"},
				"east": {"uv": [0, 0, 0.1, 0.3], "texture": "#missing"},
				"south": {"uv": [0, 0, 0.3, 0.3], "texture": "#missing"},
				"west": {"uv": [0, 0, 0.1, 0.3], "texture": "#missing"},
				"up": {"uv": [0, 0, 0.3, 0.1], "texture": "#missing"},
				"down": {"uv": [0, 0, 0.3, 0.1], "texture": "#missing"}
			}
		},
		{
			"from": [7.8, 21.3, 7.9],
			"to": [8.1, 21.6, 8],
			"color": 5,
			"faces": {
				"north": {"uv": [0, 0, 0.3, 0.3], "texture": "#missing"},
				"east": {"uv": [0, 0, 0.1, 0.3], "texture": "#missing"},
				"south": {"uv": [0, 0, 0.3, 0.3], "texture": "#missing"},
				"west": {"uv": [0, 0, 0.1, 0.3], "texture": "#missing"},
				"up": {"uv": [0, 0, 0.3, 0.1], "texture": "#missing"},
				"down": {"uv": [0, 0, 0.3, 0.1], "texture": "#missing"}
			}
		},
		{
			"from": [7.8, 13, 7.9],
			"to": [8.1, 13.3, 8],
			"color": 5,
			"faces": {
				"north": {"uv": [0, 0, 0.3, 0.3], "texture": "#missing"},
				"east": {"uv": [0, 0, 0.1, 0.3], "texture": "#missing"},
				"south": {"uv": [0, 0, 0.3, 0.3], "texture": "#missing"},
				"west": {"uv": [0, 0, 0.1, 0.3], "texture": "#missing"},
				"up": {"uv": [0, 0, 0.3, 0.1], "texture": "#missing"},
				"down": {"uv": [0, 0, 0.3, 0.1], "texture": "#missing"}
			}
		},
		{
			"from": [8.7, 25.3, 7.9],
			"to": [9.1, 25.7, 8],
			"faces": {
				"north": {"uv": [0, 0, 0.4, 0.4], "texture": "#7"},
				"east": {"uv": [0, 0, 0.4, 0.4], "texture": "#7"},
				"south": {"uv": [0, 0, 0.4, 0.4], "texture": "#7"},
				"west": {"uv": [0, 0, 0.4, 0.4], "texture": "#7"},
				"up": {"uv": [0, 0, 0.4, 0.4], "texture": "#7"},
				"down": {"uv": [0, 0, 0.4, 0.4], "texture": "#7"}
			}
		},
		{
			"from": [8.4, 27.3, 7.9],
			"to": [8.8, 27.7, 8],
			"faces": {
				"north": {"uv": [0, 0, 0.4, 0.4], "texture": "#7"},
				"east": {"uv": [0, 0, 0.4, 0.4], "texture": "#7"},
				"south": {"uv": [0, 0, 0.4, 0.4], "texture": "#7"},
				"west": {"uv": [0, 0, 0.4, 0.4], "texture": "#7"},
				"up": {"uv": [0, 0, 0.4, 0.4], "texture": "#7"},
				"down": {"uv": [0, 0, 0.4, 0.4], "texture": "#7"}
			}
		},
		{
			"from": [7.2, 27.3, 7.9],
			"to": [7.6, 27.7, 8],
			"faces": {
				"north": {"uv": [0, 0, 0.4, 0.4], "texture": "#7"},
				"east": {"uv": [0, 0, 0.4, 0.4], "texture": "#7"},
				"south": {"uv": [0, 0, 0.4, 0.4], "texture": "#7"},
				"west": {"uv": [0, 0, 0.4, 0.4], "texture": "#7"},
				"up": {"uv": [0, 0, 0.4, 0.4], "texture": "#7"},
				"down": {"uv": [0, 0, 0.4, 0.4], "texture": "#7"}
			}
		},
		{
			"from": [7, 25.5, 7.7],
			"to": [7.1, 25.6, 8],
			"faces": {
				"north": {"uv": [0, 0, 15, 15], "texture": "#8"},
				"east": {"uv": [0, 0, 15, 15], "texture": "#8"},
				"south": {"uv": [0, 0, 15, 15], "texture": "#8"},
				"west": {"uv": [0, 0, 15, 15], "texture": "#8"},
				"up": {"uv": [0, 0, 16, 15], "texture": "#8"},
				"down": {"uv": [0, 0, 15, 15], "texture": "#8"}
			}
		},
		{
			"from": [8.8, 25.5, 7.7],
			"to": [8.9, 25.6, 8],
			"faces": {
				"north": {"uv": [0, 0, 15, 15], "texture": "#8"},
				"east": {"uv": [0, 0, 15, 15], "texture": "#8"},
				"south": {"uv": [0, 0, 15, 15], "texture": "#8"},
				"west": {"uv": [0, 0, 15, 15], "texture": "#8"},
				"up": {"uv": [0, 0, 16, 15], "texture": "#8"},
				"down": {"uv": [0, 0, 15, 15], "texture": "#8"}
			}
		},
		{
			"from": [7.3, 27.5, 7.7],
			"to": [7.4, 27.6, 7.9],
			"faces": {
				"north": {"uv": [0, 0, 15, 15], "texture": "#8"},
				"east": {"uv": [0, 0, 15, 15], "texture": "#8"},
				"south": {"uv": [0, 0, 15, 15], "texture": "#8"},
				"west": {"uv": [0, 0, 15, 15], "texture": "#8"},
				"up": {"uv": [0, 0, 16, 15], "texture": "#8"},
				"down": {"uv": [0, 0, 15, 15], "texture": "#8"}
			}
		},
		{
			"from": [8.5, 27.5, 7.7],
			"to": [8.6, 27.6, 7.9],
			"faces": {
				"north": {"uv": [0, 0, 15, 15], "texture": "#8"},
				"east": {"uv": [0, 0, 15, 15], "texture": "#8"},
				"south": {"uv": [0, 0, 15, 15], "texture": "#8"},
				"west": {"uv": [0, 0, 15, 15], "texture": "#8"},
				"up": {"uv": [0, 0, 16, 15], "texture": "#8"},
				"down": {"uv": [0, 0, 15, 15], "texture": "#8"}
			}
		},
		{
			"from": [7, 5, 10],
			"to": [8, 6, 10.5],
			"faces": {
				"north": {"uv": [0, 0, 16, 16], "texture": "#2"},
				"east": {"uv": [0, 0, 16, 16], "texture": "#2"},
				"south": {"uv": [0, 0, 16, 16], "texture": "#2"},
				"west": {"uv": [0, 0, 16, 16], "texture": "#2"},
				"up": {"uv": [0, 0, 16, 16], "texture": "#2"},
				"down": {"uv": [0, 0, 16, 16], "texture": "#2"}
			}
		},
		{
			"from": [8, 5, 10],
			"to": [9, 6, 10.5],
			"faces": {
				"north": {"uv": [0, 0, 16, 16], "texture": "#2"},
				"east": {"uv": [0, 0, 16, 16], "texture": "#2"},
				"south": {"uv": [0, 0, 16, 16], "texture": "#2"},
				"west": {"uv": [0, 0, 16, 16], "texture": "#2"},
				"up": {"uv": [0, 0, 16, 16], "texture": "#2"},
				"down": {"uv": [0, 0, 16, 16], "texture": "#2"}
			}
		},
		{
			"from": [8, 6, 10],
			"to": [9, 7, 10.5],
			"faces": {
				"north": {"uv": [0, 0, 16, 16], "texture": "#2"},
				"east": {"uv": [0, 0, 16, 16], "texture": "#2"},
				"south": {"uv": [0, 0, 16, 16], "texture": "#2"},
				"west": {"uv": [0, 0, 16, 16], "texture": "#2"},
				"up": {"uv": [0, 0, 16, 16], "texture": "#2"},
				"down": {"uv": [0, 0, 16, 16], "texture": "#2"}
			}
		},
		{
			"from": [7, 6, 10],
			"to": [8, 7, 10.5],
			"faces": {
				"north": {"uv": [0, 0, 16, 16], "texture": "#2"},
				"east": {"uv": [0, 0, 16, 16], "texture": "#2"},
				"south": {"uv": [0, 0, 16, 16], "texture": "#2"},
				"west": {"uv": [0, 0, 16, 16], "texture": "#2"},
				"up": {"uv": [0, 0, 16, 16], "texture": "#2"},
				"down": {"uv": [0, 0, 16, 16], "texture": "#2"}
			}
		},
		{
			"from": [7.6, 10.4, 9.9],
			"to": [8.6, 11.4, 10.3],
			"faces": {
				"north": {"uv": [0, 0, 16, 16], "texture": "#2"},
				"east": {"uv": [0, 0, 16, 16], "texture": "#2"},
				"south": {"uv": [0, 0, 16, 16], "texture": "#2"},
				"west": {"uv": [0, 0, 16, 16], "texture": "#2"},
				"up": {"uv": [0, 0, 16, 16], "texture": "#2"},
				"down": {"uv": [0, 0, 16, 16], "texture": "#2"}
			}
		},
		{
			"from": [7, 23.8, 7.7],
			"to": [9, 24, 8],
			"faces": {
				"north": {"uv": [0, 0, 2, 0.3], "texture": "#6"},
				"east": {"uv": [0, 0, 2, 0.3], "texture": "#6"},
				"south": {"uv": [0, 0, 2, 0.3], "texture": "#6"},
				"west": {"uv": [0, 0, 2, 0.3], "texture": "#6"},
				"up": {"uv": [0, 0, 2, 0.3], "texture": "#6"},
				"down": {"uv": [0, 0, 2, 0.3], "texture": "#6"}
			}
		},
		{
			"from": [7, 22.1, 7.7],
			"to": [9, 22.3, 8],
			"faces": {
				"north": {"uv": [0, 0, 2, 0.3], "texture": "#6"},
				"east": {"uv": [0, 0, 2, 0.3], "texture": "#6"},
				"south": {"uv": [0, 0, 2, 0.3], "texture": "#6"},
				"west": {"uv": [0, 0, 2, 0.3], "texture": "#6"},
				"up": {"uv": [0, 0, 2, 0.3], "texture": "#6"},
				"down": {"uv": [0, 0, 2, 0.3], "texture": "#6"}
			}
		},
		{
			"from": [7, 20.6, 7.7],
			"to": [9, 20.8, 8],
			"faces": {
				"north": {"uv": [0, 0, 2, 0.3], "texture": "#6"},
				"east": {"uv": [0, 0, 2, 0.3], "texture": "#6"},
				"south": {"uv": [0, 0, 2, 0.3], "texture": "#6"},
				"west": {"uv": [0, 0, 2, 0.3], "texture": "#6"},
				"up": {"uv": [0, 0, 2, 0.3], "texture": "#6"},
				"down": {"uv": [0, 0, 2, 0.3], "texture": "#6"}
			}
		},
		{
			"from": [7, 19.2, 7.7],
			"to": [9, 19.4, 8],
			"faces": {
				"north": {"uv": [0, 0, 2, 0.3], "texture": "#6"},
				"east": {"uv": [0, 0, 2, 0.3], "texture": "#6"},
				"south": {"uv": [0, 0, 2, 0.3], "texture": "#6"},
				"west": {"uv": [0, 0, 2, 0.3], "texture": "#6"},
				"up": {"uv": [0, 0, 2, 0.3], "texture": "#6"},
				"down": {"uv": [0, 0, 2, 0.3], "texture": "#6"}
			}
		},
		{
			"from": [7, 18.1, 7.7],
			"to": [9, 18.3, 8],
			"faces": {
				"north": {"uv": [0, 0, 2, 0.3], "texture": "#6"},
				"east": {"uv": [0, 0, 2, 0.3], "texture": "#6"},
				"south": {"uv": [0, 0, 2, 0.3], "texture": "#6"},
				"west": {"uv": [0, 0, 2, 0.3], "texture": "#6"},
				"up": {"uv": [0, 0, 2, 0.3], "texture": "#6"},
				"down": {"uv": [0, 0, 2, 0.3], "texture": "#6"}
			}
		},
		{
			"from": [7, 16.8, 7.7],
			"to": [9, 17, 8],
			"faces": {
				"north": {"uv": [0, 0, 2, 0.3], "texture": "#6"},
				"east": {"uv": [0, 0, 2, 0.3], "texture": "#6"},
				"south": {"uv": [0, 0, 2, 0.3], "texture": "#6"},
				"west": {"uv": [0, 0, 2, 0.3], "texture": "#6"},
				"up": {"uv": [0, 0, 2, 0.3], "texture": "#6"},
				"down": {"uv": [0, 0, 2, 0.3], "texture": "#6"}
			}
		},
		{
			"from": [7, 15.7, 7.7],
			"to": [9, 15.9, 8],
			"faces": {
				"north": {"uv": [0, 0, 2, 0.3], "texture": "#6"},
				"east": {"uv": [0, 0, 2, 0.3], "texture": "#6"},
				"south": {"uv": [0, 0, 2, 0.3], "texture": "#6"},
				"west": {"uv": [0, 0, 2, 0.3], "texture": "#6"},
				"up": {"uv": [0, 0, 2, 0.3], "texture": "#6"},
				"down": {"uv": [0, 0, 2, 0.3], "texture": "#6"}
			}
		},
		{
			"from": [7, 14.8, 7.7],
			"to": [9, 15, 8],
			"faces": {
				"north": {"uv": [0, 0, 2, 0.3], "texture": "#6"},
				"east": {"uv": [0, 0, 2, 0.3], "texture": "#6"},
				"south": {"uv": [0, 0, 2, 0.3], "texture": "#6"},
				"west": {"uv": [0, 0, 2, 0.3], "texture": "#6"},
				"up": {"uv": [0, 0, 2, 0.3], "texture": "#6"},
				"down": {"uv": [0, 0, 2, 0.3], "texture": "#6"}
			}
		},
		{
			"from": [7, 14, 7.7],
			"to": [9, 14.2, 8],
			"faces": {
				"north": {"uv": [0, 0, 2, 0.3], "texture": "#6"},
				"east": {"uv": [0, 0, 2, 0.3], "texture": "#6"},
				"south": {"uv": [0, 0, 2, 0.3], "texture": "#6"},
				"west": {"uv": [0, 0, 2, 0.3], "texture": "#6"},
				"up": {"uv": [0, 0, 2, 0.3], "texture": "#6"},
				"down": {"uv": [0, 0, 2, 0.3], "texture": "#6"}
			}
		},
		{
			"from": [7, 13.3, 7.7],
			"to": [9, 13.5, 8],
			"faces": {
				"north": {"uv": [0, 0, 2, 0.3], "texture": "#6"},
				"east": {"uv": [0, 0, 2, 0.3], "texture": "#6"},
				"south": {"uv": [0, 0, 2, 0.3], "texture": "#6"},
				"west": {"uv": [0, 0, 2, 0.3], "texture": "#6"},
				"up": {"uv": [0, 0, 2, 0.3], "texture": "#6"},
				"down": {"uv": [0, 0, 2, 0.3], "texture": "#6"}
			}
		},
		{
			"from": [7, 12.7, 7.7],
			"to": [9, 12.9, 8],
			"faces": {
				"north": {"uv": [0, 0, 2, 0.3], "texture": "#6"},
				"east": {"uv": [0, 0, 2, 0.3], "texture": "#6"},
				"south": {"uv": [0, 0, 2, 0.3], "texture": "#6"},
				"west": {"uv": [0, 0, 2, 0.3], "texture": "#6"},
				"up": {"uv": [0, 0, 2, 0.3], "texture": "#6"},
				"down": {"uv": [0, 0, 2, 0.3], "texture": "#6"}
			}
		},
		{
			"from": [7, 2.3, 7.8],
			"to": [9, 2.5, 8],
			"faces": {
				"north": {"uv": [0, 0, 2, 0.2], "texture": "#5"},
				"east": {"uv": [0, 0, 2, 0.2], "texture": "#5"},
				"south": {"uv": [0, 0, 2, 0.2], "texture": "#5"},
				"west": {"uv": [0, 0, 2, 0.2], "texture": "#5"},
				"up": {"uv": [0, 0, 2, 0.2], "texture": "#5"},
				"down": {"uv": [0, 0, 2, 0.2], "texture": "#5"}
			}
		},
		{
			"from": [11, 5, 7.9],
			"to": [12, 6, 8],
			"faces": {
				"north": {"uv": [0, 0, 16, 16], "texture": "#4"},
				"east": {"uv": [0, 0, 16, 16], "texture": "#4"},
				"south": {"uv": [0, 0, 16, 16], "texture": "#4"},
				"west": {"uv": [0, 0, 16, 16], "texture": "#4"},
				"up": {"uv": [0, 0, 16, 16], "texture": "#4"},
				"down": {"uv": [0, 0, 16, 16], "texture": "#4"}
			}
		},
		{
			"from": [11, 6, 7.9],
			"to": [12, 7, 8],
			"faces": {
				"north": {"uv": [0, 0, 16, 16], "texture": "#4"},
				"east": {"uv": [0, 0, 16, 16], "texture": "#4"},
				"south": {"uv": [0, 0, 16, 16], "texture": "#4"},
				"west": {"uv": [0, 0, 16, 16], "texture": "#4"},
				"up": {"uv": [0, 0, 16, 16], "texture": "#4"},
				"down": {"uv": [0, 0, 16, 16], "texture": "#4"}
			}
		},
		{
			"from": [11, 7, 7.9],
			"to": [12, 8, 8],
			"faces": {
				"north": {"uv": [0, 0, 16, 16], "texture": "#4"},
				"east": {"uv": [0, 0, 16, 16], "texture": "#4"},
				"south": {"uv": [0, 0, 16, 16], "texture": "#4"},
				"west": {"uv": [0, 0, 16, 16], "texture": "#4"},
				"up": {"uv": [0, 0, 16, 16], "texture": "#4"},
				"down": {"uv": [0, 0, 16, 16], "texture": "#4"}
			}
		},
		{
			"from": [11, 8, 7.9],
			"to": [12, 9, 8],
			"faces": {
				"north": {"uv": [0, 0, 16, 16], "texture": "#4"},
				"east": {"uv": [0, 0, 16, 16], "texture": "#4"},
				"south": {"uv": [0, 0, 16, 16], "texture": "#4"},
				"west": {"uv": [0, 0, 16, 16], "texture": "#4"},
				"up": {"uv": [0, 0, 16, 16], "texture": "#4"},
				"down": {"uv": [0, 0, 16, 16], "texture": "#4"}
			}
		},
		{
			"from": [10, 9, 7.9],
			"to": [11, 10, 8],
			"faces": {
				"north": {"uv": [0, 0, 16, 16], "texture": "#4"},
				"east": {"uv": [0, 0, 16, 16], "texture": "#4"},
				"south": {"uv": [0, 0, 16, 16], "texture": "#4"},
				"west": {"uv": [0, 0, 16, 16], "texture": "#4"},
				"up": {"uv": [0, 0, 16, 16], "texture": "#4"},
				"down": {"uv": [0, 0, 16, 16], "texture": "#4"}
			}
		},
		{
			"from": [9, 10, 7.9],
			"to": [10, 11, 8],
			"faces": {
				"north": {"uv": [0, 0, 16, 16], "texture": "#4"},
				"east": {"uv": [0, 0, 16, 16], "texture": "#4"},
				"south": {"uv": [0, 0, 16, 16], "texture": "#4"},
				"west": {"uv": [0, 0, 16, 16], "texture": "#4"},
				"up": {"uv": [0, 0, 16, 16], "texture": "#4"},
				"down": {"uv": [0, 0, 16, 16], "texture": "#4"}
			}
		},
		{
			"from": [8, 11, 7.9],
			"to": [9, 12, 8],
			"faces": {
				"north": {"uv": [0, 0, 16, 16], "texture": "#4"},
				"east": {"uv": [0, 0, 16, 16], "texture": "#4"},
				"south": {"uv": [0, 0, 16, 16], "texture": "#4"},
				"west": {"uv": [0, 0, 16, 16], "texture": "#4"},
				"up": {"uv": [0, 0, 16, 16], "texture": "#4"},
				"down": {"uv": [0, 0, 16, 16], "texture": "#4"}
			}
		},
		{
			"from": [7, 11, 7.9],
			"to": [8, 12, 8],
			"faces": {
				"north": {"uv": [0, 0, 16, 16], "texture": "#4"},
				"east": {"uv": [0, 0, 16, 16], "texture": "#4"},
				"south": {"uv": [0, 0, 16, 16], "texture": "#4"},
				"west": {"uv": [0, 0, 16, 16], "texture": "#4"},
				"up": {"uv": [0, 0, 16, 16], "texture": "#4"},
				"down": {"uv": [0, 0, 16, 16], "texture": "#4"}
			}
		},
		{
			"from": [6, 10, 7.9],
			"to": [7, 11, 8],
			"faces": {
				"north": {"uv": [0, 0, 16, 16], "texture": "#4"},
				"east": {"uv": [0, 0, 16, 16], "texture": "#4"},
				"south": {"uv": [0, 0, 16, 16], "texture": "#4"},
				"west": {"uv": [0, 0, 16, 16], "texture": "#4"},
				"up": {"uv": [0, 0, 16, 16], "texture": "#4"},
				"down": {"uv": [0, 0, 16, 16], "texture": "#4"}
			}
		},
		{
			"from": [5, 9, 7.9],
			"to": [6, 10, 8],
			"faces": {
				"north": {"uv": [0, 0, 16, 16], "texture": "#4"},
				"east": {"uv": [0, 0, 16, 16], "texture": "#4"},
				"south": {"uv": [0, 0, 16, 16], "texture": "#4"},
				"west": {"uv": [0, 0, 16, 16], "texture": "#4"},
				"up": {"uv": [0, 0, 16, 16], "texture": "#4"},
				"down": {"uv": [0, 0, 16, 16], "texture": "#4"}
			}
		},
		{
			"from": [4, 8, 7.9],
			"to": [5, 9, 8],
			"faces": {
				"north": {"uv": [0, 0, 16, 16], "texture": "#4"},
				"east": {"uv": [0, 0, 16, 16], "texture": "#4"},
				"south": {"uv": [0, 0, 16, 16], "texture": "#4"},
				"west": {"uv": [0, 0, 16, 16], "texture": "#4"},
				"up": {"uv": [0, 0, 16, 16], "texture": "#4"},
				"down": {"uv": [0, 0, 16, 16], "texture": "#4"}
			}
		},
		{
			"from": [4, 7, 7.9],
			"to": [5, 8, 8],
			"faces": {
				"north": {"uv": [0, 0, 16, 16], "texture": "#4"},
				"east": {"uv": [0, 0, 16, 16], "texture": "#4"},
				"south": {"uv": [0, 0, 16, 16], "texture": "#4"},
				"west": {"uv": [0, 0, 16, 16], "texture": "#4"},
				"up": {"uv": [0, 0, 16, 16], "texture": "#4"},
				"down": {"uv": [0, 0, 16, 16], "texture": "#4"}
			}
		},
		{
			"from": [4, 6, 7.9],
			"to": [5, 7, 8],
			"faces": {
				"north": {"uv": [0, 0, 16, 16], "texture": "#4"},
				"east": {"uv": [0, 0, 16, 16], "texture": "#4"},
				"south": {"uv": [0, 0, 16, 16], "texture": "#4"},
				"west": {"uv": [0, 0, 16, 16], "texture": "#4"},
				"up": {"uv": [0, 0, 16, 16], "texture": "#4"},
				"down": {"uv": [0, 0, 16, 16], "texture": "#4"}
			}
		},
		{
			"from": [4, 5, 7.9],
			"to": [5, 6, 8],
			"faces": {
				"north": {"uv": [0, 0, 16, 16], "texture": "#4"},
				"east": {"uv": [0, 0, 16, 16], "texture": "#4"},
				"south": {"uv": [0, 0, 16, 16], "texture": "#4"},
				"west": {"uv": [0, 0, 16, 16], "texture": "#4"},
				"up": {"uv": [0, 0, 16, 16], "texture": "#4"},
				"down": {"uv": [0, 0, 16, 16], "texture": "#4"}
			}
		},
		{
			"from": [4, 4, 7.9],
			"to": [5, 5, 8],
			"faces": {
				"north": {"uv": [0, 0, 16, 16], "texture": "#4"},
				"east": {"uv": [0, 0, 16, 16], "texture": "#4"},
				"south": {"uv": [0, 0, 16, 16], "texture": "#4"},
				"west": {"uv": [0, 0, 16, 16], "texture": "#4"},
				"up": {"uv": [0, 0, 16, 16], "texture": "#4"},
				"down": {"uv": [0, 0, 16, 16], "texture": "#4"}
			}
		},
		{
			"from": [4, 3, 7.9],
			"to": [5, 4, 8],
			"faces": {
				"north": {"uv": [0, 0, 16, 16], "texture": "#4"},
				"east": {"uv": [0, 0, 16, 16], "texture": "#4"},
				"south": {"uv": [0, 0, 16, 16], "texture": "#4"},
				"west": {"uv": [0, 0, 16, 16], "texture": "#4"},
				"up": {"uv": [0, 0, 16, 16], "texture": "#4"},
				"down": {"uv": [0, 0, 16, 16], "texture": "#4"}
			}
		},
		{
			"from": [11, 3, 7.9],
			"to": [12, 4, 8],
			"faces": {
				"north": {"uv": [0, 0, 16, 16], "texture": "#4"},
				"east": {"uv": [0, 0, 16, 16], "texture": "#4"},
				"south": {"uv": [0, 0, 16, 16], "texture": "#4"},
				"west": {"uv": [0, 0, 16, 16], "texture": "#4"},
				"up": {"uv": [0, 0, 16, 16], "texture": "#4"},
				"down": {"uv": [0, 0, 16, 16], "texture": "#4"}
			}
		},
		{
			"from": [11, 4, 7.9],
			"to": [12, 5, 8],
			"faces": {
				"north": {"uv": [0, 0, 16, 16], "texture": "#4"},
				"east": {"uv": [0, 0, 16, 16], "texture": "#4"},
				"south": {"uv": [0, 0, 16, 16], "texture": "#4"},
				"west": {"uv": [0, 0, 16, 16], "texture": "#4"},
				"up": {"uv": [0, 0, 16, 16], "texture": "#4"},
				"down": {"uv": [0, 0, 16, 16], "texture": "#4"}
			}
		},
		{
			"from": [10, 2, 7.9],
			"to": [11, 3, 8],
			"faces": {
				"north": {"uv": [0, 0, 16, 16], "texture": "#4"},
				"east": {"uv": [0, 0, 16, 16], "texture": "#4"},
				"south": {"uv": [0, 0, 16, 16], "texture": "#4"},
				"west": {"uv": [0, 0, 16, 16], "texture": "#4"},
				"up": {"uv": [0, 0, 16, 16], "texture": "#4"},
				"down": {"uv": [0, 0, 16, 16], "texture": "#4"}
			}
		},
		{
			"from": [9, 1, 7.9],
			"to": [10, 2, 8],
			"faces": {
				"north": {"uv": [0, 0, 16, 16], "texture": "#4"},
				"east": {"uv": [0, 0, 16, 16], "texture": "#4"},
				"south": {"uv": [0, 0, 16, 16], "texture": "#4"},
				"west": {"uv": [0, 0, 16, 16], "texture": "#4"},
				"up": {"uv": [0, 0, 16, 16], "texture": "#4"},
				"down": {"uv": [0, 0, 16, 16], "texture": "#4"}
			}
		},
		{
			"from": [6, 1, 7.9],
			"to": [7, 2, 8],
			"faces": {
				"north": {"uv": [0, 0, 16, 16], "texture": "#4"},
				"east": {"uv": [0, 0, 16, 16], "texture": "#4"},
				"south": {"uv": [0, 0, 16, 16], "texture": "#4"},
				"west": {"uv": [0, 0, 16, 16], "texture": "#4"},
				"up": {"uv": [0, 0, 16, 16], "texture": "#4"},
				"down": {"uv": [0, 0, 16, 16], "texture": "#4"}
			}
		},
		{
			"from": [5, 2, 7.9],
			"to": [6, 3, 8],
			"faces": {
				"north": {"uv": [0, 0, 16, 16], "texture": "#4"},
				"east": {"uv": [0, 0, 16, 16], "texture": "#4"},
				"south": {"uv": [0, 0, 16, 16], "texture": "#4"},
				"west": {"uv": [0, 0, 16, 16], "texture": "#4"},
				"up": {"uv": [0, 0, 16, 16], "texture": "#4"},
				"down": {"uv": [0, 0, 16, 16], "texture": "#4"}
			}
		},
		{
			"from": [5, 2, 7.9],
			"to": [6, 3, 8],
			"color": 2,
			"faces": {
				"north": {"uv": [0, 0, 1, 1], "texture": "#missing"},
				"east": {"uv": [0, 0, 0.1, 1], "texture": "#missing"},
				"south": {"uv": [0, 0, 1, 1], "texture": "#missing"},
				"west": {"uv": [0, 0, 0.1, 1], "texture": "#missing"},
				"up": {"uv": [0, 0, 1, 0.1], "texture": "#missing"},
				"down": {"uv": [0, 0, 1, 0.1], "texture": "#missing"}
			}
		}
	],
	"display": {
		"thirdperson_righthand": {
			"rotation": [73, 0, 69],
			"translation": [-1.25, 0, -0.5]
		},
		"thirdperson_lefthand": {
			"rotation": [73, 0, 69],
			"translation": [-1.25, 0, -0.5]
		},
		"firstperson_righthand": {
			"rotation": [73, 0, 69],
			"translation": [0, 2.75, 0.5]
		},
		"firstperson_lefthand": {
			"rotation": [73, 0, 69],
			"translation": [-1.25, 0, -0.5]
		},
		"gui": {
			"translation": [-0.25, -3.75, 0],
			"scale": [0.86133, 0.56055, 1]
		},
		"fixed": {
			"rotation": [-90, 0, 0],
			"translation": [0.25, 0.25, -16.5],
			"scale": [2, 2, 2]
		}
	}
}